Workbook

Sheet Conditions
B2: Seed | C2: Coverage | D2: Symmetry | E2: Granul. | F2: Samples | G2: Support Qty
B3: 632456723 | C3: Complete | D3: Yes | E3: vfine | F3: 3 | G3: Yes
B4: 632456723 | C4: Partial | D4: No | E4: vfine | F4: 3
B5: 632456723 | C5: Partial | D5: Yes | E5: regular | F5: 3 | G5: No
B6: 632456723 | C6: Partial | D6: Yes | E6: vfine | F6: 6
B7: 102370435 | C7: Partial | D7: Yes | E7: vfine | F7: 3 | I7: Finished
B8: 102370435 | C8: Complete | D8: No | E8: vfine | F8: 3 | G8: Yes | I8: Needs Slicing
B9: 102370435 | C9: Partial | D9: Yes | E9: regular | F9: 3 | G9: No | I9: Slicing
B10: 102370435 | C10: Partial | D10: Yes | E10: vfine | F10: 6 | G10: No | I10: Running
B11: 914023457 | C11: Complete | D11: Yes | E11: vfine | F11: 3 | G11: No | I11: Pending
B12: 914023458 | C12: Partial | D12: No | E12: vfine | F12: 3
B13: 914023459 | C13: Partial | D13: Yes | E13: regular | F13: 3 | G13: No
B14: 914023460 | C14: Partial | D14: Yes | E14: vfine | F14: 6 | G14: No

Sheet Original Comparison
A1: Parallelobox | F1: Symmetry-Based Decomposition | L1: Harpe | S1: Cube Skeleton Based Decomposition
A2: Model | B2: # Printers | C2: Parallel Time (seconds) | D2: Parallel Time (mins) | F2: Model | G2: # Printers | H2: Parallel Time (seconds) | I2: Parallel Time (mins) | J2: Parallelobox Improvement | L2: Model | M2: # Parts | N2: Parallel Time (seconds) | O2: Parallel Time (mins) | P2: Parallelobox Improvement | Q2: Symmetry Vs Harpe | S2: Model | T2: # Parts | U2: Parallel Time (seconds) | V2: Parallel Time (mins) | W2: Parallelobox (weaker) | X2: Parallelobox (stronger)
A3: 1053374 (25x) | B3: 5 | D3: =IF(NOT(ISBLANK(C3)), ROUND(C3/60,0), "") | F3: 1053374 (25x) | G3: 5 | H3: 137815 | I3: =IF(NOT(ISBLANK(H3)), ROUND(H3/60,0), "") -> 2297 | J3: =IF(I3="", IF(D3="", "Neither", "Parallelobox"), IF(D3="","Symmetry", I3-D3)) -> Symmetry | L3: 1053374 (25x) | M3: 5 | N3: 117941 | O3: =IF(NOT(ISBLANK(N3)), ROUND(N3/60,0), "") -> 1966 | P3: =IF(O3="", IF(D3="", "Neither", "Parallelobox"), IF(D3="","Harpe", O3-D3)) -> Harpe | Q3: =IF(O3="", IF(I3="", "Neither", "Symmetry"), IF(I3="","Harpe", O3-I3)) -> -331 | S3: 1053374 (25x) | T3: 28 | U3: 99761 | V3: =IF(NOT(ISBLANK(U3)), ROUND(U3/60,0), "") -> 1663 | W3: =V3-D6 -> 809 | X3: =V3-D7 -> 896
A4: 1053374 (25x) | B4: 10 | C4: 116930 | D4: =IF(NOT(ISBLANK(C4)), ROUND(C4/60,0), "") -> 1949 | F4: 1053374 (25x) | G4: 10 | H4: 84524 | I4: =IF(NOT(ISBLANK(H4)), ROUND(H4/60,0), "") -> 1409 | J4: =IF(I4="", IF(D4="", "Neither", "Parallelobox"), IF(D4="","Symmetry", I4-D4)) -> -540 | L4: 1053374 (25x) | M4: 10 | N4: 101626 | O4: =IF(NOT(ISBLANK(N4)), ROUND(N4/60,0), "") -> 1694 | P4: =IF(O4="", IF(D4="", "Neither", "Parallelobox"), IF(D4="","Harpe", O4-D4)) -> -255 | Q4: =IF(O4="", IF(I4="", "Neither", "Symmetry"), IF(I4="","Harpe", O4-I4)) -> 285 | S4: 41084 (10x) | T4: 31 | U4: 72499 | V4: =IF(NOT(ISBLANK(U4)), ROUND(U4/60,0), "") -> 1208 | W4: =V4-D17 -> 561 | X4: =V4-D18 -> 789
A5: 1053374 (25x) | B5: 15 | C5: 58579 | D5: =IF(NOT(ISBLANK(C5)), ROUND(C5/60,0), "") -> 976 | F5: 1053374 (25x) | G5: 15 | H5: 86725 | I5: =IF(NOT(ISBLANK(H5)), ROUND(H5/60,0), "") -> 1445 | J5: =IF(I5="", IF(D5="", "Neither", "Parallelobox"), IF(D5="","Symmetry", I5-D5)) -> 469 | L5: 1053374 (25x) | M5: 15 | N5: 69083 | O5: =IF(NOT(ISBLANK(N5)), ROUND(N5/60,0), "") -> 1151 | P5: =IF(O5="", IF(D5="", "Neither", "Parallelobox"), IF(D5="","Harpe", O5-D5)) -> 175 | Q5: =IF(O5="", IF(I5="", "Neither", "Symmetry"), IF(I5="","Harpe", O5-I5)) -> -294 | S5: 500094 (10x) | T5: 90 | U5: 109800 | V5: =IF(NOT(ISBLANK(U5)), ROUND(U5/60,0), "") -> 1830 | W5: =V5-D31 -> 1362 | X5: =V5-D32 -> 1494
A6: 1053374 (25x) | B6: 20 | C6: 51261 | D6: =IF(NOT(ISBLANK(C6)), ROUND(C6/60,0), "") -> 854 | F6: 1053374 (25x) | G6: 20 | H6: 48776 | I6: =IF(NOT(ISBLANK(H6)), ROUND(H6/60,0), "") -> 813 | J6: =IF(I6="", IF(D6="", "Neither", "Parallelobox"), IF(D6="","Symmetry", I6-D6)) -> -41 | L6: 1053374 (25x) | M6: 20 | N6: 53683 | O6: =IF(NOT(ISBLANK(N6)), ROUND(N6/60,0), "") -> 895 | P6: =IF(O6="", IF(D6="", "Neither", "Parallelobox"), IF(D6="","Harpe", O6-D6)) -> 41 | Q6: =IF(O6="", IF(I6="", "Neither", "Symmetry"), IF(I6="","Harpe", O6-I6)) -> 82 | S6: 51329 (4x) | T6: 19 | U6: 59571 | V6: =IF(NOT(ISBLANK(U6)), ROUND(U6/60,0), "") -> 993 | W6: Fail | X6: =V6-D36 -> 307
A7: 1053374 (25x) | B7: 30 | C7: 46007 | D7: =IF(NOT(ISBLANK(C7)), ROUND(C7/60,0), "") -> 767 | F7: 1053374 (25x) | G7: 30 | H7: 46599 | I7: =IF(NOT(ISBLANK(H7)), ROUND(H7/60,0), "") -> 777 | J7: =IF(I7="", IF(D7="", "Neither", "Parallelobox"), IF(D7="","Symmetry", I7-D7)) -> 10 | L7: 1053374 (25x) | M7: 30 | N7: 51066 | O7: =IF(NOT(ISBLANK(N7)), ROUND(N7/60,0), "") -> 851 | P7: =IF(O7="", IF(D7="", "Neither", "Parallelobox"), IF(D7="","Harpe", O7-D7)) -> 84 | Q7: =IF(O7="", IF(I7="", "Neither", "Symmetry"), IF(I7="","Harpe", O7-I7)) -> 74 | S7: 51329 (5x) | T7: 27 | U7: 121959 | V7: =IF(NOT(ISBLANK(U7)), ROUND(U7/60,0), "") -> 2033 | W7: Fail | X7: Fail
A8: 1053374 (25x) | B8: 40 | C8: 28869 | D8: =IF(NOT(ISBLANK(C8)), ROUND(C8/60,0), "") -> 481 | F8: 1053374 (25x) | G8: 40 | H8: 44404 | I8: =IF(NOT(ISBLANK(H8)), ROUND(H8/60,0), "") -> 740 | J8: =IF(I8="", IF(D8="", "Neither", "Parallelobox"), IF(D8="","Symmetry", I8-D8)) -> 259 | L8: 1053374 (25x) | M8: 40 | N8: 30762 | O8: =IF(NOT(ISBLANK(N8)), ROUND(N8/60,0), "") -> 513 | P8: =IF(O8="", IF(D8="", "Neither", "Parallelobox"), IF(D8="","Harpe", O8-D8)) -> 32 | Q8: =IF(O8="", IF(I8="", "Neither", "Symmetry"), IF(I8="","Harpe", O8-I8)) -> -227 | S8: 77951 (5x) | T8: 21 | U8: 70767 | V8: =IF(NOT(ISBLANK(U8)), ROUND(U8/60,0), "") -> 1179 | W8: =V8-D56 -> 839 | X8: =V8-D57 -> 897
A9: 1053374 (25x) | B9: 50 | C9: 25368 | D9: =IF(NOT(ISBLANK(C9)), ROUND(C9/60,0), "") -> 423 | F9: 1053374 (25x) | G9: 50 | H9: 34637 | I9: =IF(NOT(ISBLANK(H9)), ROUND(H9/60,0), "") -> 577 | J9: =IF(I9="", IF(D9="", "Neither", "Parallelobox"), IF(D9="","Symmetry", I9-D9)) -> 154 | L9: 1053374 (25x) | M9: 50 | N9: 40935 | O9: =IF(NOT(ISBLANK(N9)), ROUND(N9/60,0), "") -> 682 | P9: =IF(O9="", IF(D9="", "Neither", "Parallelobox"), IF(D9="","Harpe", O9-D9)) -> 259 | Q9: =IF(O9="", IF(I9="", "Neither", "Symmetry"), IF(I9="","Harpe", O9-I9)) -> 105 | S9: 78224 (5x) | T9: 21 | U9: 19383 | V9: =IF(NOT(ISBLANK(U9)), ROUND(U9/60,0), "") -> 323 | W9: =V9-D66 -> 183 | X9: =V9-D67 -> 222
A10: 1053374 (25x) | B10: 64 | C10: 23556 | D10: =IF(NOT(ISBLANK(C10)), ROUND(C10/60,0), "") -> 393 | F10: 1053374 (25x) | G10: 64 | H10: 38032 | I10: =IF(NOT(ISBLANK(H10)), ROUND(H10/60,0), "") -> 634 | J10: =IF(I10="", IF(D10="", "Neither", "Parallelobox"), IF(D10="","Symmetry", I10-D10)) -> 241 | L10: 1053374 (25x) | M10: 64 | N10: 27675 | O10: =IF(NOT(ISBLANK(N10)), ROUND(N10/60,0), "") -> 461 | P10: =IF(O10="", IF(D10="", "Neither", "Parallelobox"), IF(D10="","Harpe", O10-D10)) -> 68 | Q10: =IF(O10="", IF(I10="", "Neither", "Symmetry"), IF(I10="","Harpe", O10-I10)) -> -173 | S10: 797990 (5x) | T10: 20 | U10: 67141 | V10: =IF(NOT(ISBLANK(U10)), ROUND(U10/60,0), "") -> 1119 | W10: =V10-D76 -> 324 | X10: N/A
A11: 1053374 (25x) | B11: 82 | C11: 20806 | D11: =IF(NOT(ISBLANK(C11)), ROUND(C11/60,0), "") -> 347 | F11: 1053374 (25x) | G11: 82 | H11: 26544 | I11: =IF(NOT(ISBLANK(H11)), ROUND(H11/60,0), "") -> 442 | J11: =IF(I11="", IF(D11="", "Neither", "Parallelobox"), IF(D11="","Symmetry", I11-D11)) -> 95 | L11: 1053374 (25x) | M11: 82 | N11: 31010 | O11: =IF(NOT(ISBLANK(N11)), ROUND(N11/60,0), "") -> 517 | P11: =IF(O11="", IF(D11="", "Neither", "Parallelobox"), IF(D11="","Harpe", O11-D11)) -> 170 | Q11: =IF(O11="", IF(I11="", "Neither", "Symmetry"), IF(I11="","Harpe", O11-I11)) -> 75 | S11: 96457 (2x) | T11: 33 | U11: 2053155 | V11: =IF(NOT(ISBLANK(U11)), ROUND(U11/60,0), "") -> 34219 | W11: =V11-D87 -> 34170 | X11: =V11-D88 -> 34164
A12: 1053374 (25x) | B12: 100 | C12: 15955 | D12: =IF(NOT(ISBLANK(C12)), ROUND(C12/60,0), "") -> 266 | F12: 1053374 (25x) | G12: 100 | H12: 22349 | I12: =IF(NOT(ISBLANK(H12)), ROUND(H12/60,0), "") -> 372 | J12: =IF(I12="", IF(D12="", "Neither", "Parallelobox"), IF(D12="","Symmetry", I12-D12)) -> 106 | L12: 1053374 (25x) | M12: 100 | N12: 28677 | O12: =IF(NOT(ISBLANK(N12)), ROUND(N12/60,0), "") -> 478 | P12: =IF(O12="", IF(D12="", "Neither", "Parallelobox"), IF(D12="","Harpe", O12-D12)) -> 212 | Q12: =IF(O12="", IF(I12="", "Neither", "Symmetry"), IF(I12="","Harpe", O12-I12)) -> 106 | S12: 96457 (4x) | T12: 33 | U12: 15178792 | V12: =IF(NOT(ISBLANK(U12)), ROUND(U12/60,0), "") -> 252980 | W12: =V12-D97 -> 252733 | X12: =V12-D98 -> 252793
A13: 41084 (10x) | B13: 5 | D13: =IF(NOT(ISBLANK(C13)), ROUND(C13/60,0), "") | F13: 41084 (10x) | G13: 5 | H13: 109252 | I13: =IF(NOT(ISBLANK(H13)), ROUND(H13/60,0), "") -> 1821 | J13: =IF(I13="", IF(D13="", "Neither", "Parallelobox"), IF(D13="","Symmetry", I13-D13)) -> Symmetry | L13: 41084 (10x) | M13: 5 | N13: 160626 | O13: =IF(NOT(ISBLANK(N13)), ROUND(N13/60,0), "") -> 2677 | P13: =IF(O13="", IF(D13="", "Neither", "Parallelobox"), IF(D13="","Harpe", O13-D13)) -> Harpe | Q13: =IF(O13="", IF(I13="", "Neither", "Symmetry"), IF(I13="","Harpe", O13-I13)) -> 856 | S13: 3DBenchy (50cm) | T13: 31 | U13: 136650 | V13: =IF(NOT(ISBLANK(U13)), ROUND(U13/60,0), "") -> 2278 | W13: =V13-D107 -> 1504 | X13: =V13-D108 -> 1598
A14: 41084 (10x) | B14: 10 | C14: 98809 | D14: =IF(NOT(ISBLANK(C14)), ROUND(C14/60,0), "") -> 1647 | F14: 41084 (10x) | G14: 10 | H14: 79179 | I14: =IF(NOT(ISBLANK(H14)), ROUND(H14/60,0), "") -> 1320 | J14: =IF(I14="", IF(D14="", "Neither", "Parallelobox"), IF(D14="","Symmetry", I14-D14)) -> -327 | L14: 41084 (10x) | M14: 10 | N14: 101867 | O14: =IF(NOT(ISBLANK(N14)), ROUND(N14/60,0), "") -> 1698 | P14: =IF(O14="", IF(D14="", "Neither", "Parallelobox"), IF(D14="","Harpe", O14-D14)) -> 51 | Q14: =IF(O14="", IF(I14="", "Neither", "Symmetry"), IF(I14="","Harpe", O14-I14)) -> 378 | S14: 3DBenchy (70cm) | T14: 36 | U14: 442873 | V14: =IF(NOT(ISBLANK(U14)), ROUND(U14/60,0), "") -> 7381 | W14: Fail | X14: =V14-D120 -> 5595
A15: 41084 (10x) | B15: 15 | C15: 59586 | D15: =IF(NOT(ISBLANK(C15)), ROUND(C15/60,0), "") -> 993 | F15: 41084 (10x) | G15: 15 | H15: 60570 | I15: =IF(NOT(ISBLANK(H15)), ROUND(H15/60,0), "") -> 1010 | J15: =IF(I15="", IF(D15="", "Neither", "Parallelobox"), IF(D15="","Symmetry", I15-D15)) -> 17 | L15: 41084 (10x) | M15: 15 | N15: 88112 | O15: =IF(NOT(ISBLANK(N15)), ROUND(N15/60,0), "") -> 1469 | P15: =IF(O15="", IF(D15="", "Neither", "Parallelobox"), IF(D15="","Harpe", O15-D15)) -> 476 | Q15: =IF(O15="", IF(I15="", "Neither", "Symmetry"), IF(I15="","Harpe", O15-I15)) -> 459 | S15: Brain Left (4x) | T15: 52 | U15: 218729 | V15: =IF(NOT(ISBLANK(U15)), ROUND(U15/60,0), "") -> 3645 | W15: 1136 | X15: 831
A16: 41084 (10x) | B16: 20 | C16: 45696 | D16: =IF(NOT(ISBLANK(C16)), ROUND(C16/60,0), "") -> 762 | F16: 41084 (10x) | G16: 20 | H16: 52772 | I16: =IF(NOT(ISBLANK(H16)), ROUND(H16/60,0), "") -> 880 | J16: =IF(I16="", IF(D16="", "Neither", "Parallelobox"), IF(D16="","Symmetry", I16-D16)) -> 118 | L16: 41084 (10x) | M16: 20 | N16: 81285 | O16: =IF(NOT(ISBLANK(N16)), ROUND(N16/60,0), "") -> 1355 | P16: =IF(O16="", IF(D16="", "Neither", "Parallelobox"), IF(D16="","Harpe", O16-D16)) -> 593 | Q16: =IF(O16="", IF(I16="", "Neither", "Symmetry"), IF(I16="","Harpe", O16-I16)) -> 475 | S16: Large Building | T16: 14 | U16: 19756 | V16: =IF(NOT(ISBLANK(U16)), ROUND(U16/60,0), "") -> 329 | W16: =V16-D124 -> -43 | X16: =V16-D125 -> 70
A17: 41084 (10x) | B17: 30 | C17: 38843 | D17: =IF(NOT(ISBLANK(C17)), ROUND(C17/60,0), "") -> 647 | F17: 41084 (10x) | G17: 30 | H17: 50410 | I17: =IF(NOT(ISBLANK(H17)), ROUND(H17/60,0), "") -> 840 | J17: =IF(I17="", IF(D17="", "Neither", "Parallelobox"), IF(D17="","Symmetry", I17-D17)) -> 193 | L17: 41084 (10x) | M17: 30 | N17: 74128 | O17: =IF(NOT(ISBLANK(N17)), ROUND(N17/60,0), "") -> 1235 | P17: =IF(O17="", IF(D17="", "Neither", "Parallelobox"), IF(D17="","Harpe", O17-D17)) -> 588 | Q17: =IF(O17="", IF(I17="", "Neither", "Symmetry"), IF(I17="","Harpe", O17-I17)) -> 395 | S17: Large Building (2x) | T17: 15 | U17: 114368 | V17: =IF(NOT(ISBLANK(U17)), ROUND(U17/60,0), "") -> 1906 | W17: =V17-D135 -> 140 | X17: N/A
A18: 41084 (10x) | B18: 40 | C18: 25148 | D18: =IF(NOT(ISBLANK(C18)), ROUND(C18/60,0), "") -> 419 | F18: 41084 (10x) | G18: 40 | H18: 52916 | I18: =IF(NOT(ISBLANK(H18)), ROUND(H18/60,0), "") -> 882 | J18: =IF(I18="", IF(D18="", "Neither", "Parallelobox"), IF(D18="","Symmetry", I18-D18)) -> 463 | L18: 41084 (10x) | M18: 40 | P18: =IF(O18="", IF(D18="", "Neither", "Parallelobox"), IF(D18="","Harpe", O18-D18)) -> Parallelobox | Q18: =IF(O18="", IF(I18="", "Neither", "Symmetry"), IF(I18="","Harpe", O18-I18)) -> Symmetry | S18: Snail (50cm) | T18: 25 | U18: 61028 | V18: =IF(NOT(ISBLANK(U18)), ROUND(U18/60,0), "") -> 1017 | W18: =V18-D156 -> 178 | X18: =V18-D157 -> 492
A19: 41084 (10x) | B19: 50 | C19: 22999 | D19: =IF(NOT(ISBLANK(C19)), ROUND(C19/60,0), "") -> 383 | F19: 41084 (10x) | G19: 50 | H19: 35376 | I19: =IF(NOT(ISBLANK(H19)), ROUND(H19/60,0), "") -> 590 | J19: =IF(I19="", IF(D19="", "Neither", "Parallelobox"), IF(D19="","Symmetry", I19-D19)) -> 207 | L19: 41084 (10x) | M19: 50 | N19: 67182 | O19: =IF(NOT(ISBLANK(N19)), ROUND(N19/60,0), "") -> 1120 | P19: =IF(O19="", IF(D19="", "Neither", "Parallelobox"), IF(D19="","Harpe", O19-D19)) -> 737 | Q19: =IF(O19="", IF(I19="", "Neither", "Symmetry"), IF(I19="","Harpe", O19-I19)) -> 530 | S19: Stanford Bunny (2x) | T19: 24 | U19: 68406 | V19: =IF(NOT(ISBLANK(U19)), ROUND(U19/60,0), "") -> 1140 | W19: =V19-D166 -> 691 | X19: =V19-D167 -> 784
A20: 41084 (10x) | B20: 64 | C20: 20521 | D20: =IF(NOT(ISBLANK(C20)), ROUND(C20/60,0), "") -> 342 | F20: 41084 (10x) | G20: 64 | H20: 34394 | I20: =IF(NOT(ISBLANK(H20)), ROUND(H20/60,0), "") -> 573 | J20: =IF(I20="", IF(D20="", "Neither", "Parallelobox"), IF(D20="","Symmetry", I20-D20)) -> 231 | L20: 41084 (10x) | M20: 64 | N20: 56670 | O20: =IF(NOT(ISBLANK(N20)), ROUND(N20/60,0), "") -> 945 | P20: =IF(O20="", IF(D20="", "Neither", "Parallelobox"), IF(D20="","Harpe", O20-D20)) -> 603 | Q20: =IF(O20="", IF(I20="", "Neither", "Symmetry"), IF(I20="","Harpe", O20-I20)) -> 372 | S20: Utah Teapot | T20: 34 | U20: 5120752 | V20: =IF(NOT(ISBLANK(U20)), ROUND(U20/60,0), "") -> 85346 | W20: =V20-D177 -> 84680 | X20: =V20-D178 -> 84804
A21: 41084 (10x) | B21: 82 | C21: 19557 | D21: =IF(NOT(ISBLANK(C21)), ROUND(C21/60,0), "") -> 326 | F21: 41084 (10x) | G21: 82 | H21: 35319 | I21: =IF(NOT(ISBLANK(H21)), ROUND(H21/60,0), "") -> 589 | J21: =IF(I21="", IF(D21="", "Neither", "Parallelobox"), IF(D21="","Symmetry", I21-D21)) -> 263 | L21: 41084 (10x) | M21: 82 | N21: 61231 | O21: =IF(NOT(ISBLANK(N21)), ROUND(N21/60,0), "") -> 1021 | P21: =IF(O21="", IF(D21="", "Neither", "Parallelobox"), IF(D21="","Harpe", O21-D21)) -> 695 | Q21: =IF(O21="", IF(I21="", "Neither", "Symmetry"), IF(I21="","Harpe", O21-I21)) -> 432
A22: 41084 (10x) | B22: 100 | C22: 14139 | D22: =IF(NOT(ISBLANK(C22)), ROUND(C22/60,0), "") -> 236 | F22: 41084 (10x) | G22: 100 | H22: 24317 | I22: =IF(NOT(ISBLANK(H22)), ROUND(H22/60,0), "") -> 405 | J22: =IF(I22="", IF(D22="", "Neither", "Parallelobox"), IF(D22="","Symmetry", I22-D22)) -> 169 | L22: 41084 (10x) | M22: 100 | P22: =IF(O22="", IF(D22="", "Neither", "Parallelobox"), IF(D22="","Harpe", O22-D22)) -> Parallelobox | Q22: =IF(O22="", IF(I22="", "Neither", "Symmetry"), IF(I22="","Harpe", O22-I22)) -> Symmetry
A23: 500094 (10x) | B23: 5 | D23: =IF(NOT(ISBLANK(C23)), ROUND(C23/60,0), "") | F23: 500094 (10x) | G23: 5 | H23: 212635 | I23: =IF(NOT(ISBLANK(H23)), ROUND(H23/60,0), "") -> 3544 | J23: =IF(I23="", IF(D23="", "Neither", "Parallelobox"), IF(D23="","Symmetry", I23-D23)) -> Symmetry | L23: 500094 (10x) | M23: 5 | N23: 248227 | O23: =IF(NOT(ISBLANK(N23)), ROUND(N23/60,0), "") -> 4137 | P23: =IF(O23="", IF(D23="", "Neither", "Parallelobox"), IF(D23="","Harpe", O23-D23)) -> Harpe | Q23: =IF(O23="", IF(I23="", "Neither", "Symmetry"), IF(I23="","Harpe", O23-I23)) -> 593
A24: 500094 (10x) | B24: 10 | D24: =IF(NOT(ISBLANK(C24)), ROUND(C24/60,0), "") | F24: 500094 (10x) | G24: 10 | H24: 179372 | I24: =IF(NOT(ISBLANK(H24)), ROUND(H24/60,0), "") -> 2990 | J24: =IF(I24="", IF(D24="", "Neither", "Parallelobox"), IF(D24="","Symmetry", I24-D24)) -> Symmetry | L24: 500094 (10x) | M24: 10 | N24: 188753 | O24: =IF(NOT(ISBLANK(N24)), ROUND(N24/60,0), "") -> 3146 | P24: =IF(O24="", IF(D24="", "Neither", "Parallelobox"), IF(D24="","Harpe", O24-D24)) -> Harpe | Q24: =IF(O24="", IF(I24="", "Neither", "Symmetry"), IF(I24="","Harpe", O24-I24)) -> 156
A25: 500094 (10x) | B25: 15 | C25: 96129 | D25: =IF(NOT(ISBLANK(C25)), ROUND(C25/60,0), "") -> 1602 | F25: 500094 (10x) | G25: 15 | H25: 127536 | I25: =IF(NOT(ISBLANK(H25)), ROUND(H25/60,0), "") -> 2126 | J25: =IF(I25="", IF(D25="", "Neither", "Parallelobox"), IF(D25="","Symmetry", I25-D25)) -> 524 | L25: 500094 (10x) | M25: 15 | N25: 102606 | O25: =IF(NOT(ISBLANK(N25)), ROUND(N25/60,0), "") -> 1710 | P25: =IF(O25="", IF(D25="", "Neither", "Parallelobox"), IF(D25="","Harpe", O25-D25)) -> 108 | Q25: =IF(O25="", IF(I25="", "Neither", "Symmetry"), IF(I25="","Harpe", O25-I25)) -> -416
A26: 500094 (10x) | B26: 20 | C26: 78484 | D26: =IF(NOT(ISBLANK(C26)), ROUND(C26/60,0), "") -> 1308 | F26: 500094 (10x) | G26: 20 | H26: 88743 | I26: =IF(NOT(ISBLANK(H26)), ROUND(H26/60,0), "") -> 1479 | J26: =IF(I26="", IF(D26="", "Neither", "Parallelobox"), IF(D26="","Symmetry", I26-D26)) -> 171 | L26: 500094 (10x) | M26: 20 | N26: 93123 | O26: =IF(NOT(ISBLANK(N26)), ROUND(N26/60,0), "") -> 1552 | P26: =IF(O26="", IF(D26="", "Neither", "Parallelobox"), IF(D26="","Harpe", O26-D26)) -> 244 | Q26: =IF(O26="", IF(I26="", "Neither", "Symmetry"), IF(I26="","Harpe", O26-I26)) -> 73
A27: 500094 (10x) | B27: 30 | C27: 72884 | D27: =IF(NOT(ISBLANK(C27)), ROUND(C27/60,0), "") -> 1215 | F27: 500094 (10x) | G27: 30 | H27: 61254 | I27: =IF(NOT(ISBLANK(H27)), ROUND(H27/60,0), "") -> 1021 | J27: =IF(I27="", IF(D27="", "Neither", "Parallelobox"), IF(D27="","Symmetry", I27-D27)) -> -194 | L27: 500094 (10x) | M27: 30 | N27: 80031 | O27: =IF(NOT(ISBLANK(N27)), ROUND(N27/60,0), "") -> 1334 | P27: =IF(O27="", IF(D27="", "Neither", "Parallelobox"), IF(D27="","Harpe", O27-D27)) -> 119 | Q27: =IF(O27="", IF(I27="", "Neither", "Symmetry"), IF(I27="","Harpe", O27-I27)) -> 313
A28: 500094 (10x) | B28: 40 | C28: 63753 | D28: =IF(NOT(ISBLANK(C28)), ROUND(C28/60,0), "") -> 1063 | F28: 500094 (10x) | G28: 40 | H28: 56006 | I28: =IF(NOT(ISBLANK(H28)), ROUND(H28/60,0), "") -> 933 | J28: =IF(I28="", IF(D28="", "Neither", "Parallelobox"), IF(D28="","Symmetry", I28-D28)) -> -130 | L28: 500094 (10x) | M28: 40 | P28: =IF(O28="", IF(D28="", "Neither", "Parallelobox"), IF(D28="","Harpe", O28-D28)) -> Parallelobox | Q28: =IF(O28="", IF(I28="", "Neither", "Symmetry"), IF(I28="","Harpe", O28-I28)) -> Symmetry
A29: 500094 (10x) | B29: 50 | C29: 38641 | D29: =IF(NOT(ISBLANK(C29)), ROUND(C29/60,0), "") -> 644 | F29: 500094 (10x) | G29: 50 | H29: 44119 | I29: =IF(NOT(ISBLANK(H29)), ROUND(H29/60,0), "") -> 735 | J29: =IF(I29="", IF(D29="", "Neither", "Parallelobox"), IF(D29="","Symmetry", I29-D29)) -> 91 | L29: 500094 (10x) | M29: 50 | P29: =IF(O29="", IF(D29="", "Neither", "Parallelobox"), IF(D29="","Harpe", O29-D29)) -> Parallelobox | Q29: =IF(O29="", IF(I29="", "Neither", "Symmetry"), IF(I29="","Harpe", O29-I29)) -> Symmetry
A30: 500094 (10x) | B30: 64 | C30: 28973 | D30: =IF(NOT(ISBLANK(C30)), ROUND(C30/60,0), "") -> 483 | F30: 500094 (10x) | G30: 64 | H30: 37179 | I30: =IF(NOT(ISBLANK(H30)), ROUND(H30/60,0), "") -> 620 | J30: =IF(I30="", IF(D30="", "Neither", "Parallelobox"), IF(D30="","Symmetry", I30-D30)) -> 137 | L30: 500094 (10x) | M30: 64 | N30: 54819 | O30: =IF(NOT(ISBLANK(N30)), ROUND(N30/60,0), "") -> 914 | P30: =IF(O30="", IF(D30="", "Neither", "Parallelobox"), IF(D30="","Harpe", O30-D30)) -> 431 | Q30: =IF(O30="", IF(I30="", "Neither", "Symmetry"), IF(I30="","Harpe", O30-I30)) -> 294
A31: 500094 (10x) | B31: 82 | C31: 28103 | D31: =IF(NOT(ISBLANK(C31)), ROUND(C31/60,0), "") -> 468 | F31: 500094 (10x) | G31: 82 | H31: 38491 | I31: =IF(NOT(ISBLANK(H31)), ROUND(H31/60,0), "") -> 642 | J31: =IF(I31="", IF(D31="", "Neither", "Parallelobox"), IF(D31="","Symmetry", I31-D31)) -> 174 | L31: 500094 (10x) | M31: 82 | N31: 54380 | O31: =IF(NOT(ISBLANK(N31)), ROUND(N31/60,0), "") -> 906 | P31: =IF(O31="", IF(D31="", "Neither", "Parallelobox"), IF(D31="","Harpe", O31-D31)) -> 438 | Q31: =IF(O31="", IF(I31="", "Neither", "Symmetry"), IF(I31="","Harpe", O31-I31)) -> 264
A32: 500094 (10x) | B32: 100 | C32: 20135 | D32: =IF(NOT(ISBLANK(C32)), ROUND(C32/60,0), "") -> 336 | F32: 500094 (10x) | G32: 100 | H32: 45547 | I32: =IF(NOT(ISBLANK(H32)), ROUND(H32/60,0), "") -> 759 | J32: =IF(I32="", IF(D32="", "Neither", "Parallelobox"), IF(D32="","Symmetry", I32-D32)) -> 423 | L32: 500094 (10x) | M32: 100 | P32: =IF(O32="", IF(D32="", "Neither", "Parallelobox"), IF(D32="","Harpe", O32-D32)) -> Parallelobox | Q32: =IF(O32="", IF(I32="", "Neither", "Symmetry"), IF(I32="","Harpe", O32-I32)) -> Symmetry
A33: 51329 (4x) | B33: 5 | D33: =IF(NOT(ISBLANK(C33)), ROUND(C33/60,0), "") | F33: 51329 (4x) | G33: 5 | H33: 112932 | I33: =IF(NOT(ISBLANK(H33)), ROUND(H33/60,0), "") -> 1882 | J33: =IF(I33="", IF(D33="", "Neither", "Parallelobox"), IF(D33="","Symmetry", I33-D33)) -> Symmetry | L33: 51329 (4x) | M33: 5 | N33: 112098 | O33: =IF(NOT(ISBLANK(N33)), ROUND(N33/60,0), "") -> 1868 | P33: =IF(O33="", IF(D33="", "Neither", "Parallelobox"), IF(D33="","Harpe", O33-D33)) -> Harpe | Q33: =IF(O33="", IF(I33="", "Neither", "Symmetry"), IF(I33="","Harpe", O33-I33)) -> -14
A34: 51329 (4x) | B34: 10 | C34: 69029 | D34: =IF(NOT(ISBLANK(C34)), ROUND(C34/60,0), "") -> 1150 | F34: 51329 (4x) | G34: 10 | H34: 78057 | I34: =IF(NOT(ISBLANK(H34)), ROUND(H34/60,0), "") -> 1301 | J34: =IF(I34="", IF(D34="", "Neither", "Parallelobox"), IF(D34="","Symmetry", I34-D34)) -> 151 | L34: 51329 (4x) | M34: 10 | N34: 69506 | O34: =IF(NOT(ISBLANK(N34)), ROUND(N34/60,0), "") -> 1158 | P34: =IF(O34="", IF(D34="", "Neither", "Parallelobox"), IF(D34="","Harpe", O34-D34)) -> 8 | Q34: =IF(O34="", IF(I34="", "Neither", "Symmetry"), IF(I34="","Harpe", O34-I34)) -> -143
A35: 51329 (4x) | B35: 15 | D35: =IF(NOT(ISBLANK(C35)), ROUND(C35/60,0), "") | F35: 51329 (4x) | G35: 15 | H35: 49976 | I35: =IF(NOT(ISBLANK(H35)), ROUND(H35/60,0), "") -> 833 | J35: =IF(I35="", IF(D35="", "Neither", "Parallelobox"), IF(D35="","Symmetry", I35-D35)) -> Symmetry | L35: 51329 (4x) | M35: 15 | N35: 60970 | O35: =IF(NOT(ISBLANK(N35)), ROUND(N35/60,0), "") -> 1016 | P35: =IF(O35="", IF(D35="", "Neither", "Parallelobox"), IF(D35="","Harpe", O35-D35)) -> Harpe | Q35: =IF(O35="", IF(I35="", "Neither", "Symmetry"), IF(I35="","Harpe", O35-I35)) -> 183
A36: 51329 (4x) | B36: 20 | C36: 41130 | D36: =IF(NOT(ISBLANK(C36)), ROUND(C36/60,0), "") -> 686 | F36: 51329 (4x) | G36: 20 | H36: 46351 | I36: =IF(NOT(ISBLANK(H36)), ROUND(H36/60,0), "") -> 773 | J36: =IF(I36="", IF(D36="", "Neither", "Parallelobox"), IF(D36="","Symmetry", I36-D36)) -> 87 | L36: 51329 (4x) | M36: 20 | N36: 48068 | O36: =IF(NOT(ISBLANK(N36)), ROUND(N36/60,0), "") -> 801 | P36: =IF(O36="", IF(D36="", "Neither", "Parallelobox"), IF(D36="","Harpe", O36-D36)) -> 115 | Q36: =IF(O36="", IF(I36="", "Neither", "Symmetry"), IF(I36="","Harpe", O36-I36)) -> 28
A37: 51329 (4x) | B37: 30 | C37: 33168 | D37: =IF(NOT(ISBLANK(C37)), ROUND(C37/60,0), "") -> 553 | F37: 51329 (4x) | G37: 30 | H37: 35138 | I37: =IF(NOT(ISBLANK(H37)), ROUND(H37/60,0), "") -> 586 | J37: =IF(I37="", IF(D37="", "Neither", "Parallelobox"), IF(D37="","Symmetry", I37-D37)) -> 33 | L37: 51329 (4x) | M37: 30 | N37: 43599 | O37: =IF(NOT(ISBLANK(N37)), ROUND(N37/60,0), "") -> 727 | P37: =IF(O37="", IF(D37="", "Neither", "Parallelobox"), IF(D37="","Harpe", O37-D37)) -> 174 | Q37: =IF(O37="", IF(I37="", "Neither", "Symmetry"), IF(I37="","Harpe", O37-I37)) -> 141
A38: 51329 (4x) | B38: 40 | C38: 26222 | D38: =IF(NOT(ISBLANK(C38)), ROUND(C38/60,0), "") -> 437 | F38: 51329 (4x) | G38: 40 | H38: 34672 | I38: =IF(NOT(ISBLANK(H38)), ROUND(H38/60,0), "") -> 578 | J38: =IF(I38="", IF(D38="", "Neither", "Parallelobox"), IF(D38="","Symmetry", I38-D38)) -> 141 | L38: 51329 (4x) | M38: 40 | N38: 30652 | O38: =IF(NOT(ISBLANK(N38)), ROUND(N38/60,0), "") -> 511 | P38: =IF(O38="", IF(D38="", "Neither", "Parallelobox"), IF(D38="","Harpe", O38-D38)) -> 74 | Q38: =IF(O38="", IF(I38="", "Neither", "Symmetry"), IF(I38="","Harpe", O38-I38)) -> -67
A39: 51329 (4x) | B39: 50 | C39: 19630 | D39: =IF(NOT(ISBLANK(C39)), ROUND(C39/60,0), "") -> 327 | F39: 51329 (4x) | G39: 50 | H39: 27739 | I39: =IF(NOT(ISBLANK(H39)), ROUND(H39/60,0), "") -> 462 | J39: =IF(I39="", IF(D39="", "Neither", "Parallelobox"), IF(D39="","Symmetry", I39-D39)) -> 135 | L39: 51329 (4x) | M39: 50 | N39: 41421 | O39: =IF(NOT(ISBLANK(N39)), ROUND(N39/60,0), "") -> 690 | P39: =IF(O39="", IF(D39="", "Neither", "Parallelobox"), IF(D39="","Harpe", O39-D39)) -> 363 | Q39: =IF(O39="", IF(I39="", "Neither", "Symmetry"), IF(I39="","Harpe", O39-I39)) -> 228
A40: 51329 (4x) | B40: 64 | C40: 16549 | D40: =IF(NOT(ISBLANK(C40)), ROUND(C40/60,0), "") -> 276 | F40: 51329 (4x) | G40: 64 | H40: 25002 | I40: =IF(NOT(ISBLANK(H40)), ROUND(H40/60,0), "") -> 417 | J40: =IF(I40="", IF(D40="", "Neither", "Parallelobox"), IF(D40="","Symmetry", I40-D40)) -> 141 | L40: 51329 (4x) | M40: 64 | N40: 30401 | O40: =IF(NOT(ISBLANK(N40)), ROUND(N40/60,0), "") -> 507 | P40: =IF(O40="", IF(D40="", "Neither", "Parallelobox"), IF(D40="","Harpe", O40-D40)) -> 231 | Q40: =IF(O40="", IF(I40="", "Neither", "Symmetry"), IF(I40="","Harpe", O40-I40)) -> 90
A41: 51329 (4x) | B41: 82 | C41: 13428 | D41: =IF(NOT(ISBLANK(C41)), ROUND(C41/60,0), "") -> 224 | F41: 51329 (4x) | G41: 82 | H41: 25526 | I41: =IF(NOT(ISBLANK(H41)), ROUND(H41/60,0), "") -> 425 | J41: =IF(I41="", IF(D41="", "Neither", "Parallelobox"), IF(D41="","Symmetry", I41-D41)) -> 201 | L41: 51329 (4x) | M41: 82 | N41: 30342 | O41: =IF(NOT(ISBLANK(N41)), ROUND(N41/60,0), "") -> 506 | P41: =IF(O41="", IF(D41="", "Neither", "Parallelobox"), IF(D41="","Harpe", O41-D41)) -> 282 | Q41: =IF(O41="", IF(I41="", "Neither", "Symmetry"), IF(I41="","Harpe", O41-I41)) -> 81
A42: 51329 (4x) | B42: 100 | C42: 12439 | D42: =IF(NOT(ISBLANK(C42)), ROUND(C42/60,0), "") -> 207 | F42: 51329 (4x) | G42: 100 | H42: 21717 | I42: =IF(NOT(ISBLANK(H42)), ROUND(H42/60,0), "") -> 362 | J42: =IF(I42="", IF(D42="", "Neither", "Parallelobox"), IF(D42="","Symmetry", I42-D42)) -> 155 | L42: 51329 (4x) | M42: 100 | N42: 25531 | O42: =IF(NOT(ISBLANK(N42)), ROUND(N42/60,0), "") -> 426 | P42: =IF(O42="", IF(D42="", "Neither", "Parallelobox"), IF(D42="","Harpe", O42-D42)) -> 219 | Q42: =IF(O42="", IF(I42="", "Neither", "Symmetry"), IF(I42="","Harpe", O42-I42)) -> 64
A43: 51329 (5x) | B43: 5 | D43: =IF(NOT(ISBLANK(C43)), ROUND(C43/60,0), "") | F43: 51329 (5x) | G43: 5 | H43: 414662 | I43: =IF(NOT(ISBLANK(H43)), ROUND(H43/60,0), "") -> 6911 | J43: =IF(I43="", IF(D43="", "Neither", "Parallelobox"), IF(D43="","Symmetry", I43-D43)) -> Symmetry | L43: 51329 (5x) | M43: 5 | P43: =IF(O43="", IF(D43="", "Neither", "Parallelobox"), IF(D43="","Harpe", O43-D43)) -> Neither | Q43: =IF(O43="", IF(I43="", "Neither", "Symmetry"), IF(I43="","Harpe", O43-I43)) -> Symmetry
A44: 51329 (5x) | B44: 10 | D44: =IF(NOT(ISBLANK(C44)), ROUND(C44/60,0), "") | F44: 51329 (5x) | G44: 10 | H44: 232526 | I44: =IF(NOT(ISBLANK(H44)), ROUND(H44/60,0), "") -> 3875 | J44: =IF(I44="", IF(D44="", "Neither", "Parallelobox"), IF(D44="","Symmetry", I44-D44)) -> Symmetry | L44: 51329 (5x) | M44: 10 | N44: 244166 | O44: =IF(NOT(ISBLANK(N44)), ROUND(N44/60,0), "") -> 4069 | P44: =IF(O44="", IF(D44="", "Neither", "Parallelobox"), IF(D44="","Harpe", O44-D44)) -> Harpe | Q44: =IF(O44="", IF(I44="", "Neither", "Symmetry"), IF(I44="","Harpe", O44-I44)) -> 194
A45: 51329 (5x) | B45: 15 | D45: =IF(NOT(ISBLANK(C45)), ROUND(C45/60,0), "") | F45: 51329 (5x) | G45: 15 | H45: 151374 | I45: =IF(NOT(ISBLANK(H45)), ROUND(H45/60,0), "") -> 2523 | J45: =IF(I45="", IF(D45="", "Neither", "Parallelobox"), IF(D45="","Symmetry", I45-D45)) -> Symmetry | L45: 51329 (5x) | M45: 15 | P45: =IF(O45="", IF(D45="", "Neither", "Parallelobox"), IF(D45="","Harpe", O45-D45)) -> Neither | Q45: =IF(O45="", IF(I45="", "Neither", "Symmetry"), IF(I45="","Harpe", O45-I45)) -> Symmetry
A46: 51329 (5x) | B46: 20 | D46: =IF(NOT(ISBLANK(C46)), ROUND(C46/60,0), "") | F46: 51329 (5x) | G46: 20 | H46: 143678 | I46: =IF(NOT(ISBLANK(H46)), ROUND(H46/60,0), "") -> 2395 | J46: =IF(I46="", IF(D46="", "Neither", "Parallelobox"), IF(D46="","Symmetry", I46-D46)) -> Symmetry | L46: 51329 (5x) | M46: 20 | N46: 167729 | O46: =IF(NOT(ISBLANK(N46)), ROUND(N46/60,0), "") -> 2795 | P46: =IF(O46="", IF(D46="", "Neither", "Parallelobox"), IF(D46="","Harpe", O46-D46)) -> Harpe | Q46: =IF(O46="", IF(I46="", "Neither", "Symmetry"), IF(I46="","Harpe", O46-I46)) -> 400
A47: 51329 (5x) | B47: 30 | D47: =IF(NOT(ISBLANK(C47)), ROUND(C47/60,0), "") | F47: 51329 (5x) | G47: 30 | H47: 101528 | I47: =IF(NOT(ISBLANK(H47)), ROUND(H47/60,0), "") -> 1692 | J47: =IF(I47="", IF(D47="", "Neither", "Parallelobox"), IF(D47="","Symmetry", I47-D47)) -> Symmetry | L47: 51329 (5x) | M47: 30 | N47: 143866 | O47: =IF(NOT(ISBLANK(N47)), ROUND(N47/60,0), "") -> 2398 | P47: =IF(O47="", IF(D47="", "Neither", "Parallelobox"), IF(D47="","Harpe", O47-D47)) -> Harpe | Q47: =IF(O47="", IF(I47="", "Neither", "Symmetry"), IF(I47="","Harpe", O47-I47)) -> 706
A48: 51329 (5x) | B48: 40 | D48: =IF(NOT(ISBLANK(C48)), ROUND(C48/60,0), "") | F48: 51329 (5x) | G48: 40 | H48: 98231 | I48: =IF(NOT(ISBLANK(H48)), ROUND(H48/60,0), "") -> 1637 | J48: =IF(I48="", IF(D48="", "Neither", "Parallelobox"), IF(D48="","Symmetry", I48-D48)) -> Symmetry | L48: 51329 (5x) | M48: 40 | N48: 131806 | O48: =IF(NOT(ISBLANK(N48)), ROUND(N48/60,0), "") -> 2197 | P48: =IF(O48="", IF(D48="", "Neither", "Parallelobox"), IF(D48="","Harpe", O48-D48)) -> Harpe | Q48: =IF(O48="", IF(I48="", "Neither", "Symmetry"), IF(I48="","Harpe", O48-I48)) -> 560
A49: 51329 (5x) | B49: 50 | C49: 90432 | D49: =IF(NOT(ISBLANK(C49)), ROUND(C49/60,0), "") -> 1507 | F49: 51329 (5x) | G49: 50 | H49: 108548 | I49: =IF(NOT(ISBLANK(H49)), ROUND(H49/60,0), "") -> 1809 | J49: =IF(I49="", IF(D49="", "Neither", "Parallelobox"), IF(D49="","Symmetry", I49-D49)) -> 302 | L49: 51329 (5x) | M49: 50 | N49: 127037 | O49: =IF(NOT(ISBLANK(N49)), ROUND(N49/60,0), "") -> 2117 | P49: =IF(O49="", IF(D49="", "Neither", "Parallelobox"), IF(D49="","Harpe", O49-D49)) -> 610 | Q49: =IF(O49="", IF(I49="", "Neither", "Symmetry"), IF(I49="","Harpe", O49-I49)) -> 308
A50: 51329 (5x) | B50: 64 | C50: 61545 | D50: =IF(NOT(ISBLANK(C50)), ROUND(C50/60,0), "") -> 1026 | F50: 51329 (5x) | G50: 64 | H50: 87457 | I50: =IF(NOT(ISBLANK(H50)), ROUND(H50/60,0), "") -> 1458 | J50: =IF(I50="", IF(D50="", "Neither", "Parallelobox"), IF(D50="","Symmetry", I50-D50)) -> 432 | L50: 51329 (5x) | M50: 64 | P50: =IF(O50="", IF(D50="", "Neither", "Parallelobox"), IF(D50="","Harpe", O50-D50)) -> Parallelobox | Q50: =IF(O50="", IF(I50="", "Neither", "Symmetry"), IF(I50="","Harpe", O50-I50)) -> Symmetry
A51: 51329 (5x) | B51: 82 | C51: 67654 | D51: =IF(NOT(ISBLANK(C51)), ROUND(C51/60,0), "") -> 1128 | F51: 51329 (5x) | G51: 82 | H51: 78986 | I51: =IF(NOT(ISBLANK(H51)), ROUND(H51/60,0), "") -> 1316 | J51: =IF(I51="", IF(D51="", "Neither", "Parallelobox"), IF(D51="","Symmetry", I51-D51)) -> 188 | L51: 51329 (5x) | M51: 82 | N51: 119044 | O51: =IF(NOT(ISBLANK(N51)), ROUND(N51/60,0), "") -> 1984 | P51: =IF(O51="", IF(D51="", "Neither", "Parallelobox"), IF(D51="","Harpe", O51-D51)) -> 856 | Q51: =IF(O51="", IF(I51="", "Neither", "Symmetry"), IF(I51="","Harpe", O51-I51)) -> 668
A52: 51329 (5x) | B52: 100 | C52: 40525 | D52: =IF(NOT(ISBLANK(C52)), ROUND(C52/60,0), "") -> 675 | F52: 51329 (5x) | G52: 100 | H52: 70958 | I52: =IF(NOT(ISBLANK(H52)), ROUND(H52/60,0), "") -> 1183 | J52: =IF(I52="", IF(D52="", "Neither", "Parallelobox"), IF(D52="","Symmetry", I52-D52)) -> 508 | L52: 51329 (5x) | M52: 100 | P52: =IF(O52="", IF(D52="", "Neither", "Parallelobox"), IF(D52="","Harpe", O52-D52)) -> Parallelobox | Q52: =IF(O52="", IF(I52="", "Neither", "Symmetry"), IF(I52="","Harpe", O52-I52)) -> Symmetry
A53: 77951 (5x) | B53: 5 | C53: 36510 | D53: =IF(NOT(ISBLANK(C53)), ROUND(C53/60,0), "") -> 609 | F53: 77951 (5x) | G53: 5 | H53: 72712 | I53: =IF(NOT(ISBLANK(H53)), ROUND(H53/60,0), "") -> 1212 | J53: =IF(I53="", IF(D53="", "Neither", "Parallelobox"), IF(D53="","Symmetry", I53-D53)) -> 603 | L53: 77951 (5x) | M53: 5 | N53: 115443 | O53: =IF(NOT(ISBLANK(N53)), ROUND(N53/60,0), "") -> 1924 | P53: =IF(O53="", IF(D53="", "Neither", "Parallelobox"), IF(D53="","Harpe", O53-D53)) -> 1315 | Q53: =IF(O53="", IF(I53="", "Neither", "Symmetry"), IF(I53="","Harpe", O53-I53)) -> 712
A54: 77951 (5x) | B54: 10 | C54: 34197 | D54: =IF(NOT(ISBLANK(C54)), ROUND(C54/60,0), "") -> 570 | F54: 77951 (5x) | G54: 10 | H54: 69312 | I54: =IF(NOT(ISBLANK(H54)), ROUND(H54/60,0), "") -> 1155 | J54: =IF(I54="", IF(D54="", "Neither", "Parallelobox"), IF(D54="","Symmetry", I54-D54)) -> 585 | L54: 77951 (5x) | M54: 10 | N54: 91728 | O54: =IF(NOT(ISBLANK(N54)), ROUND(N54/60,0), "") -> 1529 | P54: =IF(O54="", IF(D54="", "Neither", "Parallelobox"), IF(D54="","Harpe", O54-D54)) -> 959 | Q54: =IF(O54="", IF(I54="", "Neither", "Symmetry"), IF(I54="","Harpe", O54-I54)) -> 374
A55: 77951 (5x) | B55: 15 | C55: 23148 | D55: =IF(NOT(ISBLANK(C55)), ROUND(C55/60,0), "") -> 386 | F55: 77951 (5x) | G55: 15 | H55: 37927 | I55: =IF(NOT(ISBLANK(H55)), ROUND(H55/60,0), "") -> 632 | J55: =IF(I55="", IF(D55="", "Neither", "Parallelobox"), IF(D55="","Symmetry", I55-D55)) -> 246 | L55: 77951 (5x) | M55: 15 | N55: 49849 | O55: =IF(NOT(ISBLANK(N55)), ROUND(N55/60,0), "") -> 831 | P55: =IF(O55="", IF(D55="", "Neither", "Parallelobox"), IF(D55="","Harpe", O55-D55)) -> 445 | Q55: =IF(O55="", IF(I55="", "Neither", "Symmetry"), IF(I55="","Harpe", O55-I55)) -> 199
A56: 77951 (5x) | B56: 20 | C56: 20379 | D56: =IF(NOT(ISBLANK(C56)), ROUND(C56/60,0), "") -> 340 | F56: 77951 (5x) | G56: 20 | H56: 30401 | I56: =IF(NOT(ISBLANK(H56)), ROUND(H56/60,0), "") -> 507 | J56: =IF(I56="", IF(D56="", "Neither", "Parallelobox"), IF(D56="","Symmetry", I56-D56)) -> 167 | L56: 77951 (5x) | M56: 20 | P56: =IF(O56="", IF(D56="", "Neither", "Parallelobox"), IF(D56="","Harpe", O56-D56)) -> Parallelobox | Q56: =IF(O56="", IF(I56="", "Neither", "Symmetry"), IF(I56="","Harpe", O56-I56)) -> Symmetry
A57: 77951 (5x) | B57: 30 | C57: 16901 | D57: =IF(NOT(ISBLANK(C57)), ROUND(C57/60,0), "") -> 282 | F57: 77951 (5x) | G57: 30 | H57: 25571 | I57: =IF(NOT(ISBLANK(H57)), ROUND(H57/60,0), "") -> 426 | J57: =IF(I57="", IF(D57="", "Neither", "Parallelobox"), IF(D57="","Symmetry", I57-D57)) -> 144 | L57: 77951 (5x) | M57: 30 | P57: =IF(O57="", IF(D57="", "Neither", "Parallelobox"), IF(D57="","Harpe", O57-D57)) -> Parallelobox | Q57: =IF(O57="", IF(I57="", "Neither", "Symmetry"), IF(I57="","Harpe", O57-I57)) -> Symmetry
A58: 77951 (5x) | B58: 40 | C58: 13540 | D58: =IF(NOT(ISBLANK(C58)), ROUND(C58/60,0), "") -> 226 | F58: 77951 (5x) | G58: 40 | H58: 38806 | I58: =IF(NOT(ISBLANK(H58)), ROUND(H58/60,0), "") -> 647 | J58: =IF(I58="", IF(D58="", "Neither", "Parallelobox"), IF(D58="","Symmetry", I58-D58)) -> 421 | L58: 77951 (5x) | M58: 40 | P58: =IF(O58="", IF(D58="", "Neither", "Parallelobox"), IF(D58="","Harpe", O58-D58)) -> Parallelobox | Q58: =IF(O58="", IF(I58="", "Neither", "Symmetry"), IF(I58="","Harpe", O58-I58)) -> Symmetry
A59: 77951 (5x) | B59: 50 | C59: 11696 | D59: =IF(NOT(ISBLANK(C59)), ROUND(C59/60,0), "") -> 195 | F59: 77951 (5x) | G59: 50 | H59: 21241 | I59: =IF(NOT(ISBLANK(H59)), ROUND(H59/60,0), "") -> 354 | J59: =IF(I59="", IF(D59="", "Neither", "Parallelobox"), IF(D59="","Symmetry", I59-D59)) -> 159 | L59: 77951 (5x) | M59: 50 | P59: =IF(O59="", IF(D59="", "Neither", "Parallelobox"), IF(D59="","Harpe", O59-D59)) -> Parallelobox | Q59: =IF(O59="", IF(I59="", "Neither", "Symmetry"), IF(I59="","Harpe", O59-I59)) -> Symmetry
A60: 77951 (5x) | B60: 64 | C60: 36510 | D60: =IF(NOT(ISBLANK(C60)), ROUND(C60/60,0), "") -> 609 | F60: 77951 (5x) | G60: 64 | H60: 21847 | I60: =IF(NOT(ISBLANK(H60)), ROUND(H60/60,0), "") -> 364 | J60: =IF(I60="", IF(D60="", "Neither", "Parallelobox"), IF(D60="","Symmetry", I60-D60)) -> -245 | L60: 77951 (5x) | M60: 64 | P60: =IF(O60="", IF(D60="", "Neither", "Parallelobox"), IF(D60="","Harpe", O60-D60)) -> Parallelobox | Q60: =IF(O60="", IF(I60="", "Neither", "Symmetry"), IF(I60="","Harpe", O60-I60)) -> Symmetry
A61: 77951 (5x) | B61: 82 | C61: 34197 | D61: =IF(NOT(ISBLANK(C61)), ROUND(C61/60,0), "") -> 570 | F61: 77951 (5x) | G61: 82 | H61: 21441 | I61: =IF(NOT(ISBLANK(H61)), ROUND(H61/60,0), "") -> 357 | J61: =IF(I61="", IF(D61="", "Neither", "Parallelobox"), IF(D61="","Symmetry", I61-D61)) -> -213 | L61: 77951 (5x) | M61: 82 | P61: =IF(O61="", IF(D61="", "Neither", "Parallelobox"), IF(D61="","Harpe", O61-D61)) -> Parallelobox | Q61: =IF(O61="", IF(I61="", "Neither", "Symmetry"), IF(I61="","Harpe", O61-I61)) -> Symmetry
A62: 77951 (5x) | B62: 100 | C62: 23148 | D62: =IF(NOT(ISBLANK(C62)), ROUND(C62/60,0), "") -> 386 | F62: 77951 (5x) | G62: 100 | H62: 21626 | I62: =IF(NOT(ISBLANK(H62)), ROUND(H62/60,0), "") -> 360 | J62: =IF(I62="", IF(D62="", "Neither", "Parallelobox"), IF(D62="","Symmetry", I62-D62)) -> -26 | L62: 77951 (5x) | M62: 100 | P62: =IF(O62="", IF(D62="", "Neither", "Parallelobox"), IF(D62="","Harpe", O62-D62)) -> Parallelobox | Q62: =IF(O62="", IF(I62="", "Neither", "Symmetry"), IF(I62="","Harpe", O62-I62)) -> Symmetry
A63: 78224 (5x) | B63: 5 | C63: 25685 | D63: =IF(NOT(ISBLANK(C63)), ROUND(C63/60,0), "") -> 428 | F63: 78224 (5x) | G63: 5 | H63: 40470 | I63: =IF(NOT(ISBLANK(H63)), ROUND(H63/60,0), "") -> 675 | J63: =IF(I63="", IF(D63="", "Neither", "Parallelobox"), IF(D63="","Symmetry", I63-D63)) -> 247 | L63: 78224 (5x) | M63: 5 | N63: 45020 | O63: =IF(NOT(ISBLANK(N63)), ROUND(N63/60,0), "") -> 750 | P63: =IF(O63="", IF(D63="", "Neither", "Parallelobox"), IF(D63="","Harpe", O63-D63)) -> 322 | Q63: =IF(O63="", IF(I63="", "Neither", "Symmetry"), IF(I63="","Harpe", O63-I63)) -> 75
A64: 78224 (5x) | B64: 10 | C64: 19132 | D64: =IF(NOT(ISBLANK(C64)), ROUND(C64/60,0), "") -> 319 | F64: 78224 (5x) | G64: 10 | H64: 22444 | I64: =IF(NOT(ISBLANK(H64)), ROUND(H64/60,0), "") -> 374 | J64: =IF(I64="", IF(D64="", "Neither", "Parallelobox"), IF(D64="","Symmetry", I64-D64)) -> 55 | L64: 78224 (5x) | M64: 10 | N64: 32938 | O64: =IF(NOT(ISBLANK(N64)), ROUND(N64/60,0), "") -> 549 | P64: =IF(O64="", IF(D64="", "Neither", "Parallelobox"), IF(D64="","Harpe", O64-D64)) -> 230 | Q64: =IF(O64="", IF(I64="", "Neither", "Symmetry"), IF(I64="","Harpe", O64-I64)) -> 175
A65: 78224 (5x) | B65: 15 | C65: 15677 | D65: =IF(NOT(ISBLANK(C65)), ROUND(C65/60,0), "") -> 261 | F65: 78224 (5x) | G65: 15 | H65: 25905 | I65: =IF(NOT(ISBLANK(H65)), ROUND(H65/60,0), "") -> 432 | J65: =IF(I65="", IF(D65="", "Neither", "Parallelobox"), IF(D65="","Symmetry", I65-D65)) -> 171 | L65: 78224 (5x) | M65: 15 | N65: 21248 | O65: =IF(NOT(ISBLANK(N65)), ROUND(N65/60,0), "") -> 354 | P65: =IF(O65="", IF(D65="", "Neither", "Parallelobox"), IF(D65="","Harpe", O65-D65)) -> 93 | Q65: =IF(O65="", IF(I65="", "Neither", "Symmetry"), IF(I65="","Harpe", O65-I65)) -> -78
A66: 78224 (5x) | B66: 20 | C66: 8406 | D66: =IF(NOT(ISBLANK(C66)), ROUND(C66/60,0), "") -> 140 | F66: 78224 (5x) | G66: 20 | H66: 20130 | I66: =IF(NOT(ISBLANK(H66)), ROUND(H66/60,0), "") -> 336 | J66: =IF(I66="", IF(D66="", "Neither", "Parallelobox"), IF(D66="","Symmetry", I66-D66)) -> 196 | L66: 78224 (5x) | M66: 20 | N66: 16164 | O66: =IF(NOT(ISBLANK(N66)), ROUND(N66/60,0), "") -> 269 | P66: =IF(O66="", IF(D66="", "Neither", "Parallelobox"), IF(D66="","Harpe", O66-D66)) -> 129 | Q66: =IF(O66="", IF(I66="", "Neither", "Symmetry"), IF(I66="","Harpe", O66-I66)) -> -67
A67: 78224 (5x) | B67: 30 | C67: 6087 | D67: =IF(NOT(ISBLANK(C67)), ROUND(C67/60,0), "") -> 101 | F67: 78224 (5x) | G67: 30 | H67: 23243 | I67: =IF(NOT(ISBLANK(H67)), ROUND(H67/60,0), "") -> 387 | J67: =IF(I67="", IF(D67="", "Neither", "Parallelobox"), IF(D67="","Symmetry", I67-D67)) -> 286 | L67: 78224 (5x) | M67: 30 | N67: 10315 | O67: =IF(NOT(ISBLANK(N67)), ROUND(N67/60,0), "") -> 172 | P67: =IF(O67="", IF(D67="", "Neither", "Parallelobox"), IF(D67="","Harpe", O67-D67)) -> 71 | Q67: =IF(O67="", IF(I67="", "Neither", "Symmetry"), IF(I67="","Harpe", O67-I67)) -> -215
A68: 78224 (5x) | B68: 40 | C68: 5134 | D68: =IF(NOT(ISBLANK(C68)), ROUND(C68/60,0), "") -> 86 | F68: 78224 (5x) | G68: 40 | H68: 13072 | I68: =IF(NOT(ISBLANK(H68)), ROUND(H68/60,0), "") -> 218 | J68: =IF(I68="", IF(D68="", "Neither", "Parallelobox"), IF(D68="","Symmetry", I68-D68)) -> 132 | L68: 78224 (5x) | M68: 40 | N68: 14309 | O68: =IF(NOT(ISBLANK(N68)), ROUND(N68/60,0), "") -> 238 | P68: =IF(O68="", IF(D68="", "Neither", "Parallelobox"), IF(D68="","Harpe", O68-D68)) -> 152 | Q68: =IF(O68="", IF(I68="", "Neither", "Symmetry"), IF(I68="","Harpe", O68-I68)) -> 20
A69: 78224 (5x) | B69: 50 | C69: 3963 | D69: =IF(NOT(ISBLANK(C69)), ROUND(C69/60,0), "") -> 66 | F69: 78224 (5x) | G69: 50 | H69: 15533 | I69: =IF(NOT(ISBLANK(H69)), ROUND(H69/60,0), "") -> 259 | J69: =IF(I69="", IF(D69="", "Neither", "Parallelobox"), IF(D69="","Symmetry", I69-D69)) -> 193 | L69: 78224 (5x) | M69: 50 | N69: 10754 | O69: =IF(NOT(ISBLANK(N69)), ROUND(N69/60,0), "") -> 179 | P69: =IF(O69="", IF(D69="", "Neither", "Parallelobox"), IF(D69="","Harpe", O69-D69)) -> 113 | Q69: =IF(O69="", IF(I69="", "Neither", "Symmetry"), IF(I69="","Harpe", O69-I69)) -> -80
A70: 78224 (5x) | B70: 64 | C70: 3134 | D70: =IF(NOT(ISBLANK(C70)), ROUND(C70/60,0), "") -> 52 | F70: 78224 (5x) | G70: 64 | H70: 11296 | I70: =IF(NOT(ISBLANK(H70)), ROUND(H70/60,0), "") -> 188 | J70: =IF(I70="", IF(D70="", "Neither", "Parallelobox"), IF(D70="","Symmetry", I70-D70)) -> 136 | L70: 78224 (5x) | M70: 64 | N70: 7481 | O70: =IF(NOT(ISBLANK(N70)), ROUND(N70/60,0), "") -> 125 | P70: =IF(O70="", IF(D70="", "Neither", "Parallelobox"), IF(D70="","Harpe", O70-D70)) -> 73 | Q70: =IF(O70="", IF(I70="", "Neither", "Symmetry"), IF(I70="","Harpe", O70-I70)) -> -63
A71: 78224 (5x) | B71: 82 | C71: 2769 | D71: =IF(NOT(ISBLANK(C71)), ROUND(C71/60,0), "") -> 46 | F71: 78224 (5x) | G71: 82 | H71: 9768 | I71: =IF(NOT(ISBLANK(H71)), ROUND(H71/60,0), "") -> 163 | J71: =IF(I71="", IF(D71="", "Neither", "Parallelobox"), IF(D71="","Symmetry", I71-D71)) -> 117 | L71: 78224 (5x) | M71: 82 | N71: 7902 | O71: =IF(NOT(ISBLANK(N71)), ROUND(N71/60,0), "") -> 132 | P71: =IF(O71="", IF(D71="", "Neither", "Parallelobox"), IF(D71="","Harpe", O71-D71)) -> 86 | Q71: =IF(O71="", IF(I71="", "Neither", "Symmetry"), IF(I71="","Harpe", O71-I71)) -> -31
A72: 78224 (5x) | B72: 100 | C72: 2594 | D72: =IF(NOT(ISBLANK(C72)), ROUND(C72/60,0), "") -> 43 | F72: 78224 (5x) | G72: 100 | H72: 8599 | I72: =IF(NOT(ISBLANK(H72)), ROUND(H72/60,0), "") -> 143 | J72: =IF(I72="", IF(D72="", "Neither", "Parallelobox"), IF(D72="","Symmetry", I72-D72)) -> 100 | L72: 78224 (5x) | M72: 100 | N72: 8067 | O72: =IF(NOT(ISBLANK(N72)), ROUND(N72/60,0), "") -> 134 | P72: =IF(O72="", IF(D72="", "Neither", "Parallelobox"), IF(D72="","Harpe", O72-D72)) -> 91 | Q72: =IF(O72="", IF(I72="", "Neither", "Symmetry"), IF(I72="","Harpe", O72-I72)) -> -9
A73: 797990 (5x) | B73: 5 | C73: 105345 | D73: =IF(NOT(ISBLANK(C73)), ROUND(C73/60,0), "") -> 1756 | F73: 797990 (5x) | G73: 5 | H73: 87243 | I73: =IF(NOT(ISBLANK(H73)), ROUND(H73/60,0), "") -> 1454 | J73: =IF(I73="", IF(D73="", "Neither", "Parallelobox"), IF(D73="","Symmetry", I73-D73)) -> -302 | L73: 797990 (5x) | M73: 5 | N73: 93288 | O73: =IF(NOT(ISBLANK(N73)), ROUND(N73/60,0), "") -> 1555 | P73: =IF(O73="", IF(D73="", "Neither", "Parallelobox"), IF(D73="","Harpe", O73-D73)) -> -201 | Q73: =IF(O73="", IF(I73="", "Neither", "Symmetry"), IF(I73="","Harpe", O73-I73)) -> 101
A74: 797990 (5x) | B74: 10 | C74: 81111 | D74: =IF(NOT(ISBLANK(C74)), ROUND(C74/60,0), "") -> 1352 | F74: 797990 (5x) | G74: 10 | H74: 83072 | I74: =IF(NOT(ISBLANK(H74)), ROUND(H74/60,0), "") -> 1385 | J74: =IF(I74="", IF(D74="", "Neither", "Parallelobox"), IF(D74="","Symmetry", I74-D74)) -> 33 | L74: 797990 (5x) | M74: 10 | N74: 68639 | O74: =IF(NOT(ISBLANK(N74)), ROUND(N74/60,0), "") -> 1144 | P74: =IF(O74="", IF(D74="", "Neither", "Parallelobox"), IF(D74="","Harpe", O74-D74)) -> -208 | Q74: =IF(O74="", IF(I74="", "Neither", "Symmetry"), IF(I74="","Harpe", O74-I74)) -> -241
... A76: 797990 (5x) | B76: 20 | C76: 47718 | D76: =IF(NOT(ISBLANK(C76)), ROUND(C76/60,0), "") -> 795 | F76: 797990 (5x) | G76: 20 | H76: 29293 | I76: =IF(NOT(ISBLANK(H76)), ROUND(H76/60,0), "") -> 488 | J76: =IF(I76="", IF(D76="", "Neither", "Parallelobox"), IF(D76="","Symmetry", I76-D76)) -> -307 | L76: 797990 (5x) | M76: 20 | N76: 61306 | O76: =IF(NOT(ISBLANK(N76)), ROUND(N76/60,0), "") -> 1022 | P76: =IF(O76="", IF(D76="", "Neither", "Parallelobox"), IF(D76="","Harpe", O76-D76)) -> 227 | Q76: =IF(O76="", IF(I76="", "Neither", "Symmetry"), IF(I76="","Harpe", O76-I76)) -> 534
A77: 797990 (5x) | B77: 30 | C77: 31531 | D77: =IF(NOT(ISBLANK(C77)), ROUND(C77/60,0), "") -> 526 | F77: 797990 (5x) | G77: 30 | H77: 37654 | I77: =IF(NOT(ISBLANK(H77)), ROUND(H77/60,0), "") -> 628 | J77: =IF(I77="", IF(D77="", "Neither", "Parallelobox"), IF(D77="","Symmetry", I77-D77)) -> 102 | L77: 797990 (5x) | M77: 30 | P77: =IF(O77="", IF(D77="", "Neither", "Parallelobox"), IF(D77="","Harpe", O77-D77)) -> Parallelobox | Q77: =IF(O77="", IF(I77="", "Neither", "Symmetry"), IF(I77="","Harpe", O77-I77)) -> Symmetry
A78: 797990 (5x) | B78: 40 | C78: 35755 | D78: =IF(NOT(ISBLANK(C78)), ROUND(C78/60,0), "") -> 596 | F78: 797990 (5x) | G78: 40 | H78: 40480 | I78: =IF(NOT(ISBLANK(H78)), ROUND(H78/60,0), "") -> 675 | J78: =IF(I78="", IF(D78="", "Neither", "Parallelobox"), IF(D78="","Symmetry", I78-D78)) -> 79 | L78: 797990 (5x) | M78: 40 | P78: =IF(O78="", IF(D78="", "Neither", "Parallelobox"), IF(D78="","Harpe", O78-D78)) -> Parallelobox | Q78: =IF(O78="", IF(I78="", "Neither", "Symmetry"), IF(I78="","Harpe", O78-I78)) -> Symmetry
A79: 797990 (5x) | B79: 50 | C79: 21405 | D79: =IF(NOT(ISBLANK(C79)), ROUND(C79/60,0), "") -> 357 | F79: 797990 (5x) | G79: 50 | H79: 36172 | I79: =IF(NOT(ISBLANK(H79)), ROUND(H79/60,0), "") -> 603 | J79: =IF(I79="", IF(D79="", "Neither", "Parallelobox"), IF(D79="","Symmetry", I79-D79)) -> 246 | L79: 797990 (5x) | M79: 50 | N79: 30622 | O79: =IF(NOT(ISBLANK(N79)), ROUND(N79/60,0), "") -> 510 | P79: =IF(O79="", IF(D79="", "Neither", "Parallelobox"), IF(D79="","Harpe", O79-D79)) -> 153 | Q79: =IF(O79="", IF(I79="", "Neither", "Symmetry"), IF(I79="","Harpe", O79-I79)) -> -93
A80: 797990 (5x) | B80: 64 | C80: 15315 | D80: =IF(NOT(ISBLANK(C80)), ROUND(C80/60,0), "") -> 255 | F80: 797990 (5x) | G80: 64 | H80: 24593 | I80: =IF(NOT(ISBLANK(H80)), ROUND(H80/60,0), "") -> 410 | J80: =IF(I80="", IF(D80="", "Neither", "Parallelobox"), IF(D80="","Symmetry", I80-D80)) -> 155 | L80: 797990 (5x) | M80: 64 | P80: =IF(O80="", IF(D80="", "Neither", "Parallelobox"), IF(D80="","Harpe", O80-D80)) -> Parallelobox | Q80: =IF(O80="", IF(I80="", "Neither", "Symmetry"), IF(I80="","Harpe", O80-I80)) -> Symmetry
A81: 797990 (5x) | B81: 82 | C81: 10649 | D81: =IF(NOT(ISBLANK(C81)), ROUND(C81/60,0), "") -> 177 | F81: 797990 (5x) | G81: 82 | H81: 20931 | I81: =IF(NOT(ISBLANK(H81)), ROUND(H81/60,0), "") -> 349 | J81: =IF(I81="", IF(D81="", "Neither", "Parallelobox"), IF(D81="","Symmetry", I81-D81)) -> 172 | L81: 797990 (5x) | M81: 82 | P81: =IF(O81="", IF(D81="", "Neither", "Parallelobox"), IF(D81="","Harpe", O81-D81)) -> Parallelobox | Q81: =IF(O81="", IF(I81="", "Neither", "Symmetry"), IF(I81="","Harpe", O81-I81)) -> Symmetry
A82: 797990 (5x) | B82: 100 | C82: 10705 | D82: =IF(NOT(ISBLANK(C82)), ROUND(C82/60,0), "") -> 178 | F82: 797990 (5x) | G82: 100 | H82: 22438 | I82: =IF(NOT(ISBLANK(H82)), ROUND(H82/60,0), "") -> 374 | J82: =IF(I82="", IF(D82="", "Neither", "Parallelobox"), IF(D82="","Symmetry", I82-D82)) -> 196 | L82: 797990 (5x) | M82: 100 | P82: =IF(O82="", IF(D82="", "Neither", "Parallelobox"), IF(D82="","Harpe", O82-D82)) -> Parallelobox | Q82: =IF(O82="", IF(I82="", "Neither", "Symmetry"), IF(I82="","Harpe", O82-I82)) -> Symmetry
A83: 96457 (2x) | B83: 5 | C83: 10938 | D83: =IF(NOT(ISBLANK(C83)), ROUND(C83/60,0), "") -> 182 | F83: 96457 (2x) | G83: 5 | H83: 9969 | I83: =IF(NOT(ISBLANK(H83)), ROUND(H83/60,0), "") -> 166 | J83: =IF(I83="", IF(D83="", "Neither", "Parallelobox"), IF(D83="","Symmetry", I83-D83)) -> -16 | L83: 96457 (2x) | M83: 5 | N83: 16286 | O83: =IF(NOT(ISBLANK(N83)), ROUND(N83/60,0), "") -> 271 | P83: =IF(O83="", IF(D83="", "Neither", "Parallelobox"), IF(D83="","Harpe", O83-D83)) -> 89 | Q83: =IF(O83="", IF(I83="", "Neither", "Symmetry"), IF(I83="","Harpe", O83-I83)) -> 105
A84: 96457 (2x) | B84: 10 | C84: 5687 | D84: =IF(NOT(ISBLANK(C84)), ROUND(C84/60,0), "") -> 95 | F84: 96457 (2x) | G84: 10 | H84: 20080 | I84: =IF(NOT(ISBLANK(H84)), ROUND(H84/60,0), "") -> 335 | J84: =IF(I84="", IF(D84="", "Neither", "Parallelobox"), IF(D84="","Symmetry", I84-D84)) -> 240 | L84: 96457 (2x) | M84: 10 | N84: 8740 | O84: =IF(NOT(ISBLANK(N84)), ROUND(N84/60,0), "") -> 146 | P84: =IF(O84="", IF(D84="", "Neither", "Parallelobox"), IF(D84="","Harpe", O84-D84)) -> 51 | Q84: =IF(O84="", IF(I84="", "Neither", "Symmetry"), IF(I84="","Harpe", O84-I84)) -> -189
A85: 96457 (2x) | B85: 15 | C85: 4666 | D85: =IF(NOT(ISBLANK(C85)), ROUND(C85/60,0), "") -> 78 | F85: 96457 (2x) | G85: 15 | H85: 9373 | I85: =IF(NOT(ISBLANK(H85)), ROUND(H85/60,0), "") -> 156 | J85: =IF(I85="", IF(D85="", "Neither", "Parallelobox"), IF(D85="","Symmetry", I85-D85)) -> 78 | L85: 96457 (2x) | M85: 15 | N85: 5611 | O85: =IF(NOT(ISBLANK(N85)), ROUND(N85/60,0), "") -> 94 | P85: =IF(O85="", IF(D85="", "Neither", "Parallelobox"), IF(D85="","Harpe", O85-D85)) -> 16 | Q85: =IF(O85="", IF(I85="", "Neither", "Symmetry"), IF(I85="","Harpe", O85-I85)) -> -62
A86: 96457 (2x) | B86: 20 | C86: 3686 | D86: =IF(NOT(ISBLANK(C86)), ROUND(C86/60,0), "") -> 61 | F86: 96457 (2x) | G86: 20 | H86: 6415 | I86: =IF(NOT(ISBLANK(H86)), ROUND(H86/60,0), "") -> 107 | J86: =IF(I86="", IF(D86="", "Neither", "Parallelobox"), IF(D86="","Symmetry", I86-D86)) -> 46 | L86: 96457 (2x) | M86: 20 | N86: 5661 | O86: =IF(NOT(ISBLANK(N86)), ROUND(N86/60,0), "") -> 94 | P86: =IF(O86="", IF(D86="", "Neither", "Parallelobox"), IF(D86="","Harpe", O86-D86)) -> 33 | Q86: =IF(O86="", IF(I86="", "Neither", "Symmetry"), IF(I86="","Harpe", O86-I86)) -> -13
A87: 96457 (2x) | B87: 30 | C87: 2938 | D87: =IF(NOT(ISBLANK(C87)), ROUND(C87/60,0), "") -> 49 | F87: 96457 (2x) | G87: 30 | H87: 4126 | I87: =IF(NOT(ISBLANK(H87)), ROUND(H87/60,0), "") -> 69 | J87: =IF(I87="", IF(D87="", "Neither", "Parallelobox"), IF(D87="","Symmetry", I87-D87)) -> 20 | L87: 96457 (2x) | M87: 30 | N87: 4273 | O87: =IF(NOT(ISBLANK(N87)), ROUND(N87/60,0), "") -> 71 | P87: =IF(O87="", IF(D87="", "Neither", "Parallelobox"), IF(D87="","Harpe", O87-D87)) -> 22 | Q87: =IF(O87="", IF(I87="", "Neither", "Symmetry"), IF(I87="","Harpe", O87-I87)) -> 2
A88: 96457 (2x) | B88: 40 | C88: 3273 | D88: =IF(NOT(ISBLANK(C88)), ROUND(C88/60,0), "") -> 55 | F88: 96457 (2x) | G88: 40 | H88: 5067 | I88: =IF(NOT(ISBLANK(H88)), ROUND(H88/60,0), "") -> 84 | J88: =IF(I88="", IF(D88="", "Neither", "Parallelobox"), IF(D88="","Symmetry", I88-D88)) -> 29 | L88: 96457 (2x) | M88: 40 | N88: 6243 | O88: =IF(NOT(ISBLANK(N88)), ROUND(N88/60,0), "") -> 104 | P88: =IF(O88="", IF(D88="", "Neither", "Parallelobox"), IF(D88="","Harpe", O88-D88)) -> 49 | Q88: =IF(O88="", IF(I88="", "Neither", "Symmetry"), IF(I88="","Harpe", O88-I88)) -> 20
A89: 96457 (2x) | B89: 50 | C89: 2275 | D89: =IF(NOT(ISBLANK(C89)), ROUND(C89/60,0), "") -> 38 | F89: 96457 (2x) | G89: 50 | H89: 4998 | I89: =IF(NOT(ISBLANK(H89)), ROUND(H89/60,0), "") -> 83 | J89: =IF(I89="", IF(D89="", "Neither", "Parallelobox"), IF(D89="","Symmetry", I89-D89)) -> 45 | L89: 96457 (2x) | M89: 50 | N89: 4095 | O89: =IF(NOT(ISBLANK(N89)), ROUND(N89/60,0), "") -> 68 | P89: =IF(O89="", IF(D89="", "Neither", "Parallelobox"), IF(D89="","Harpe", O89-D89)) -> 30 | Q89: =IF(O89="", IF(I89="", "Neither", "Symmetry"), IF(I89="","Harpe", O89-I89)) -> -15
A90: 96457 (2x) | B90: 64 | C90: 2348 | D90: =IF(NOT(ISBLANK(C90)), ROUND(C90/60,0), "") -> 39 | F90: 96457 (2x) | G90: 64 | H90: 3884 | I90: =IF(NOT(ISBLANK(H90)), ROUND(H90/60,0), "") -> 65 | J90: =IF(I90="", IF(D90="", "Neither", "Parallelobox"), IF(D90="","Symmetry", I90-D90)) -> 26 | L90: 96457 (2x) | M90: 64 | N90: 2806 | O90: =IF(NOT(ISBLANK(N90)), ROUND(N90/60,0), "") -> 47 | P90: =IF(O90="", IF(D90="", "Neither", "Parallelobox"), IF(D90="","Harpe", O90-D90)) -> 8 | Q90: =IF(O90="", IF(I90="", "Neither", "Symmetry"), IF(I90="","Harpe", O90-I90)) -> -18
A91: 96457 (2x) | B91: 82 | C91: 1877 | D91: =IF(NOT(ISBLANK(C91)), ROUND(C91/60,0), "") -> 31 | F91: 96457 (2x) | G91: 82 | H91: 5497 | I91: =IF(NOT(ISBLANK(H91)), ROUND(H91/60,0), "") -> 92 | J91: =IF(I91="", IF(D91="", "Neither", "Parallelobox"), IF(D91="","Symmetry", I91-D91)) -> 61 | L91: 96457 (2x) | M91: 82 | N91: 3284 | O91: =IF(NOT(ISBLANK(N91)), ROUND(N91/60,0), "") -> 55 | P91: =IF(O91="", IF(D91="", "Neither", "Parallelobox"), IF(D91="","Harpe", O91-D91)) -> 24 | Q91: =IF(O91="", IF(I91="", "Neither", "Symmetry"), IF(I91="","Harpe", O91-I91)) -> -37
A92: 96457 (2x) | B92: 100 | C92: 1848 | D92: =IF(NOT(ISBLANK(C92)), ROUND(C92/60,0), "") -> 31 | F92: 96457 (2x) | G92: 100 | H92: 3150 | I92: =IF(NOT(ISBLANK(H92)), ROUND(H92/60,0), "") -> 53 | J92: =IF(I92="", IF(D92="", "Neither", "Parallelobox"), IF(D92="","Symmetry", I92-D92)) -> 22 | L92: 96457 (2x) | M92: 100 | N92: 2366 | O92: =IF(NOT(ISBLANK(N92)), ROUND(N92/60,0), "") -> 39 | P92: =IF(O92="", IF(D92="", "Neither", "Parallelobox"), IF(D92="","Harpe", O92-D92)) -> 8 | Q92: =IF(O92="", IF(I92="", "Neither", "Symmetry"), IF(I92="","Harpe", O92-I92)) -> -14
A93: 96457 (4x) | B93: 5 | D93: =IF(NOT(ISBLANK(C93)), ROUND(C93/60,0), "") | F93: 96457 (4x) | G93: 5 | H93: 46964 | I93: =IF(NOT(ISBLANK(H93)), ROUND(H93/60,0), "") -> 783 | J93: =IF(I93="", IF(D93="", "Neither", "Parallelobox"), IF(D93="","Symmetry", I93-D93)) -> Symmetry | L93: 96457 (4x) | M93: 5 | N93: 99864 | O93: =IF(NOT(ISBLANK(N93)), ROUND(N93/60,0), "") -> 1664 | P93: =IF(O93="", IF(D93="", "Neither", "Parallelobox"), IF(D93="","Harpe", O93-D93)) -> Harpe | Q93: =IF(O93="", IF(I93="", "Neither", "Symmetry"), IF(I93="","Harpe", O93-I93)) -> 881
A94: 96457 (4x) | B94: 10 | C94: 29281 | D94: =IF(NOT(ISBLANK(C94)), ROUND(C94/60,0), "") -> 488 | F94: 96457 (4x) | G94: 10 | H94: 43178 | I94: =IF(NOT(ISBLANK(H94)), ROUND(H94/60,0), "") -> 720 | J94: =IF(I94="", IF(D94="", "Neither", "Parallelobox"), IF(D94="","Symmetry", I94-D94)) -> 232 | L94: 96457 (4x) | M94: 10 | P94: =IF(O94="", IF(D94="", "Neither", "Parallelobox"), IF(D94="","Harpe", O94-D94)) -> Parallelobox | Q94: =IF(O94="", IF(I94="", "Neither", "Symmetry"), IF(I94="","Harpe", O94-I94)) -> Symmetry
A95: 96457 (4x) | B95: 15 | C95: 21915 | D95: =IF(NOT(ISBLANK(C95)), ROUND(C95/60,0), "") -> 365 | F95: 96457 (4x) | G95: 15 | H95: 38435 | I95: =IF(NOT(ISBLANK(H95)), ROUND(H95/60,0), "") -> 641 | J95: =IF(I95="", IF(D95="", "Neither", "Parallelobox"), IF(D95="","Symmetry", I95-D95)) -> 276 | L95: 96457 (4x) | M95: 15 | P95: =IF(O95="", IF(D95="", "Neither", "Parallelobox"), IF(D95="","Harpe", O95-D95)) -> Parallelobox | Q95: =IF(O95="", IF(I95="", "Neither", "Symmetry"), IF(I95="","Harpe", O95-I95)) -> Symmetry
A96: 96457 (4x) | B96: 20 | C96: 16573 | D96: =IF(NOT(ISBLANK(C96)), ROUND(C96/60,0), "") -> 276 | F96: 96457 (4x) | G96: 20 | H96: 42146 | I96: =IF(NOT(ISBLANK(H96)), ROUND(H96/60,0), "") -> 702 | J96: =IF(I96="", IF(D96="", "Neither", "Parallelobox"), IF(D96="","Symmetry", I96-D96)) -> 426 | L96: 96457 (4x) | M96: 20 | N96: 33093 | O96: =IF(NOT(ISBLANK(N96)), ROUND(N96/60,0), "") -> 552 | P96: =IF(O96="", IF(D96="", "Neither", "Parallelobox"), IF(D96="","Harpe", O96-D96)) -> 276 | Q96: =IF(O96="", IF(I96="", "Neither", "Symmetry"), IF(I96="","Harpe", O96-I96)) -> -150
A97: 96457 (4x) | B97: 30 | C97: 14829 | D97: =IF(NOT(ISBLANK(C97)), ROUND(C97/60,0), "") -> 247 | F97: 96457 (4x) | G97: 30 | H97: 19717 | I97: =IF(NOT(ISBLANK(H97)), ROUND(H97/60,0), "") -> 329 | J97: =IF(I97="", IF(D97="", "Neither", "Parallelobox"), IF(D97="","Symmetry", I97-D97)) -> 82 | L97: 96457 (4x) | M97: 30 | N97: 24360 | O97: =IF(NOT(ISBLANK(N97)), ROUND(N97/60,0), "") -> 406 | P97: =IF(O97="", IF(D97="", "Neither", "Parallelobox"), IF(D97="","Harpe", O97-D97)) -> 159 | Q97: =IF(O97="", IF(I97="", "Neither", "Symmetry"), IF(I97="","Harpe", O97-I97)) -> 77
A98: 96457 (4x) | B98: 40 | C98: 11240 | D98: =IF(NOT(ISBLANK(C98)), ROUND(C98/60,0), "") -> 187 | F98: 96457 (4x) | G98: 40 | H98: 19152 | I98: =IF(NOT(ISBLANK(H98)), ROUND(H98/60,0), "") -> 319 | J98: =IF(I98="", IF(D98="", "Neither", "Parallelobox"), IF(D98="","Symmetry", I98-D98)) -> 132 | L98: 96457 (4x) | M98: 40 | N98: 21735 | O98: =IF(NOT(ISBLANK(N98)), ROUND(N98/60,0), "") -> 362 | P98: =IF(O98="", IF(D98="", "Neither", "Parallelobox"), IF(D98="","Harpe", O98-D98)) -> 175 | Q98: =IF(O98="", IF(I98="", "Neither", "Symmetry"), IF(I98="","Harpe", O98-I98)) -> 43
A99: 96457 (4x) | B99: 50 | C99: 10759 | D99: =IF(NOT(ISBLANK(C99)), ROUND(C99/60,0), "") -> 179 | F99: 96457 (4x) | G99: 50 | H99: 14341 | I99: =IF(NOT(ISBLANK(H99)), ROUND(H99/60,0), "") -> 239 | J99: =IF(I99="", IF(D99="", "Neither", "Parallelobox"), IF(D99="","Symmetry", I99-D99)) -> 60 | L99: 96457 (4x) | M99: 50 | N99: 23737 | O99: =IF(NOT(ISBLANK(N99)), ROUND(N99/60,0), "") -> 396 | P99: =IF(O99="", IF(D99="", "Neither", "Parallelobox"), IF(D99="","Harpe", O99-D99)) -> 217 | Q99: =IF(O99="", IF(I99="", "Neither", "Symmetry"), IF(I99="","Harpe", O99-I99)) -> 157
A100: 96457 (4x) | B100: 64 | C100: 8390 | D100: =IF(NOT(ISBLANK(C100)), ROUND(C100/60,0), "") -> 140 | F100: 96457 (4x) | G100: 64 | H100: 14342 | I100: =IF(NOT(ISBLANK(H100)), ROUND(H100/60,0), "") -> 239 | J100: =IF(I100="", IF(D100="", "Neither", "Parallelobox"), IF(D100="","Symmetry", I100-D100)) -> 99 | L100: 96457 (4x) | M100: 64 | N100: 14025 | O100: =IF(NOT(ISBLANK(N100)), ROUND(N100/60,0), "") -> 234 | P100: =IF(O100="", IF(D100="", "Neither", "Parallelobox"), IF(D100="","Harpe", O100-D100)) -> 94 | Q100: =IF(O100="", IF(I100="", "Neither", "Symmetry"), IF(I100="","Harpe", O100-I100)) -> -5
A101: 96457 (4x) | B101: 82 | C101: 7874 | D101: =IF(NOT(ISBLANK(C101)), ROUND(C101/60,0), "") -> 131 | F101: 96457 (4x) | G101: 82 | H101: 13304 | I101: =IF(NOT(ISBLANK(H101)), ROUND(H101/60,0), "") -> 222 | J101: =IF(I101="", IF(D101="", "Neither", "Parallelobox"), IF(D101="","Symmetry", I101-D101)) -> 91 | L101: 96457 (4x) | M101: 82 | N101: 13766 | O101: =IF(NOT(ISBLANK(N101)), ROUND(N101/60,0), "") -> 229 | P101: =IF(O101="", IF(D101="", "Neither", "Parallelobox"), IF(D101="","Harpe", O101-D101)) -> 98 | Q101: =IF(O101="", IF(I101="", "Neither", "Symmetry"), IF(I101="","Harpe", O101-I101)) -> 7
...

Sheet Failure Matrix
A2: Model | B2: # Printers | D2: vs Symmetry | E2: vs Harpe | H2: Model | I2: Printer Quantity | T2: Model | U2: Printer Quantity
A3: 1053374 (25x) | B3: 5 | D3: Symmetry | E3: Harpe | I3: 5 | J3: 10 | K3: 15 | L3: 20 | M3: 30 | N3: 40 | O3: 50 | P3: 64 | Q3: 82 | R3: 100 | U3: 5 | V3: 10 | W3: 15 | X3: 20 | Y3: 30 | Z3: 40 | AA3: 50 | AB3: 64 | AC3: 82 | AD3: 100
A4: 1053374 (25x) | B4: 10 | C4: 2056 | H4: Strange Washer | T4: Strange Washer
A5: 1053374 (25x) | B5: 15 | C5: 1016 | H5: Mini Refinery | T5: Mini Refinery
A6: 1053374 (25x) | B6: 20 | C6: 755 | H6: Sparse Lattice | T6: Sparse Lattice
A7: 1053374 (25x) | B7: 30 | C7: 645 | H7: Unusual Vase (4x) | T7: Unusual Vase (4x)
A8: 1053374 (25x) | B8: 40 | C8: 500 | H8: Unusual Vase (5x) | T8: Unusual Vase (5x)
A9: 1053374 (25x) | B9: 50 | C9: 405 | H9: Side Plate | T9: Side Plate
A10: 1053374 (25x) | B10: 64 | C10: 389 | H10: Hole Pipe | T10: Hole Pipe
A11: 1053374 (25x) | B11: 82 | C11: 363 | H11: Trousers | T11: Trousers
A12: 1053374 (25x) | B12: 100 | C12: 278 | H12: Nighthawk (2x) | T12: Nighthawk (2x)
A13: 41084 (10x) | B13: 5 | D13: Symmetry | E13: Harpe | H13: Nighthawk (4x) | T13: Nighthawk (4x)
A14: 41084 (10x) | B14: 10 | C14: 1594 | H14: 3DBenchy (50cm) | T14: 3DBenchy (50cm)
A15: 41084 (10x) | B15: 15 | C15: 1115 | H15: 3DBenchy (70cm) | T15: 3DBenchy (70cm)
A16: 41084 (10x) | B16: 20 | C16: 797 | H16: Brain Left (4x) | T16: Brain Left (4x)
A17: 41084 (10x) | B17: 30 | C17: 610 | H17: Large Building | T17: Large Building
A18: 41084 (10x) | B18: 40 | C18: 487 | E18: Parallelobox | H18: Large Building (2x) | T18: Large Building (2x)
A19: 41084 (10x) | B19: 50 | C19: 424 | H19: Snail | T19: Snail
A20: 41084 (10x) | B20: 64 | C20: 374 | H20: Stanford Bunny | T20: Stanford Bunny
A21: 41084 (10x) | B21: 82 | C21: 328 | H21: Utah Teapot | T21: Utah Teapot
A22: 41084 (10x) | B22: 100 | C22: 266 | E22: Parallelobox
A23: 500094 (10x) | B23: 5 | D23: Symmetry | E23: Harpe
A24: 500094 (10x) | B24: 10 | D24: Symmetry | E24: Harpe
A25: 500094 (10x) | B25: 15 | C25: 1746
A26: 500094 (10x) | B26: 20 | C26: 1579
A27: 500094 (10x) | B27: 30 | C27: 1277
A28: 500094 (10x) | B28: 40 | C28: 979 | E28: Parallelobox
A29: 500094 (10x) | B29: 50 | C29: 707 | E29: Parallelobox
A30: 500094 (10x) | B30: 64 | C30: 529
A31: 500094 (10x) | B31: 82 | C31: 493
A32: 500094 (10x) | B32: 100 | C32: 440 | E32: Parallelobox
A33: 51329 (4x) | B33: 5 | D33: Symmetry | E33: Harpe
A34: 51329 (4x) | B34: 10 | C34: 1157
A35: 51329 (4x) | B35: 15 | C35: 833 | E35: Harpe
A36: 51329 (4x) | B36: 20 | C36: 670
A37: 51329 (4x) | B37: 30 | C37: 506
A38: 51329 (4x) | B38: 40 | C38: 405
A39: 51329 (4x) | B39: 50 | C39: 336
A40: 51329 (4x) | B40: 64 | C40: 271
A41: 51329 (4x) | B41: 82 | C41: 235
A42: 51329 (4x) | B42: 100 | C42: 237
A43: 51329 (5x) | B43: 5 | D43: Symmetry | E43: Neither
A44: 51329 (5x) | B44: 10 | D44: Symmetry | E44: Harpe
A45: 51329 (5x) | B45: 15 | D45: Symmetry | E45: Neither
A46: 51329 (5x) | B46: 20 | D46: Symmetry | E46: Harpe
A47: 51329 (5x) | B47: 30 | C47: 2195
A48: 51329 (5x) | B48: 40 | C48: 1610
A49: 51329 (5x) | B49: 50 | C49: 1315
A50: 51329 (5x) | B50: 64 | C50: 963 | E50: Parallelobox
A51: 51329 (5x) | B51: 82 | C51: 903
A52: 51329 (5x) | B52: 100 | C52: 683 | E52: Parallelobox
A53: 77951 (5x) | B53: 5 | C53: 609
A54: 77951 (5x) | B54: 10 | C54: 570
A55: 77951 (5x) | B55: 15 | C55: 480
A56: 77951 (5x) | B56: 20 | C56: 453 | E56: Parallelobox
A57: 77951 (5x) | B57: 30 | C57: 321 | E57: Parallelobox
A58: 77951 (5x) | B58: 40 | C58: 250 | E58: Parallelobox
A59: 77951 (5x) | B59: 50 | C59: 229 | E59: Parallelobox
A60: 77951 (5x) | B60: 64 | C60: 333 | E60: Parallelobox
A61: 77951 (5x) | B61: 82 | C61: 309 | E61: Parallelobox
A62: 77951 (5x) | B62: 100 | C62: 237 | E62: Parallelobox
A63: 78224 (5x) | B63: 5 | C63: 717
A64: 78224 (5x) | B64: 10 | C64: 266
A65: 78224 (5x) | B65: 15 | C65: 210
A66: 78224 (5x) | B66: 20 | C66: 150
A67: 78224 (5x) | B67: 30 | C67: 101
A68: 78224 (5x) | B68: 40 | C68: 92
A69: 78224 (5x) | B69: 50 | C69: 79
A70: 78224 (5x) | B70: 64 | C70: 55
A71: 78224 (5x) | B71: 82 | C71: 50
A72: 78224 (5x) | B72: 100 | C72: 43
A73: 797990 (5x) | B73: 5 | C73: 1756
A74: 797990 (5x) | B74: 10 | C74: 1352
... A76: 797990 (5x) | B76: 20 | C76: 762
A77: 797990 (5x) | B77: 30 | C77: 508 | E77: Parallelobox
A78: 797990 (5x) | B78: 40 | C78: 475 | E78: Parallelobox
A79: 797990 (5x) | B79: 50 | C79: 346
A80: 797990 (5x) | B80: 64 | C80: 246 | E80: Parallelobox
A81: 797990 (5x) | B81: 82 | C81: 212 | E81: Parallelobox
A82: 797990 (5x) | B82: 100 | C82: 185 | E82: Parallelobox
A83: 96457 (2x) | B83: 5 | C83: 174
A84: 96457 (2x) | B84: 10 | C84: 106
A85: 96457 (2x) | B85: 15 | C85: 83
A86: 96457 (2x) | B86: 20 | C86: 66
A87: 96457 (2x) | B87: 30 | C87: 54
A88: 96457 (2x) | B88: 40 | C88: 47
A89: 96457 (2x) | B89: 50 | C89: 35
A90: 96457 (2x) | B90: 64 | C90: 36
A91: 96457 (2x) | B91: 82 | C91: 30
A92: 96457 (2x) | B92: 100 | C92: 29
A93: 96457 (4x) | B93: 5 | D93: Symmetry | E93: Harpe
A94: 96457 (4x) | B94: 10 | C94: 556 | E94: Parallelobox
A95: 96457 (4x) | B95: 15 | C95: 375 | E95: Parallelobox
A96: 96457 (4x) | B96: 20 | C96: 281
A97: 96457 (4x) | B97: 30 | C97: 231
A98: 96457 (4x) | B98: 40 | C98: 180
A99: 96457 (4x) | B99: 50 | C99: 168
A100: 96457 (4x) | B100: 64 | C100: 142
A101: 96457 (4x) | B101: 82 | C101: 138
A102: 96457 (4x) | B102: 100 | C102: 98
...

Sheet Repeats
A1: Parallelobox | C1: 632456723 | E1: 632456723 (No Symmetry) | G1: 632456723 (Low Granularity) | I1: 632456723 (More Samples) | K1: 102370435 | M1: 102370435 (No Symmetry) | O1: 102370435 (Low Granularity) | Q1: 102370435 (More Samples) | S1: 914023457 | U1: 914023457 (No Symmetry) | W1: 914023457 (Low Granularity) | Z1: 914023457 (More Samples)
A2: Model | B2: # Printers | C2: Parallel Time (seconds) | D2: Parallel Time (mins) | E2: Parallel Time (seconds) | F2: Parallel Time (mins) | G2: Parallel Time (seconds) | H2: Parallel Time (mins) | I2: Parallel Time (seconds) | J2: Parallel Time (mins) | K2: Parallel Time (seconds) | L2: Parallel Time (mins) | M2: Parallel Time (seconds) | N2: Parallel Time (mins) | O2: Parallel Time (seconds) | P2: Parallel Time (mins) | Q2: Parallel Time (seconds) | R2: Parallel Time (mins) | S2: Parallel Time (seconds) | T2: Parallel Time (mins) | U2: Parallel Time (seconds) | V2: Parallel Time (mins) | W2: Parallel Time (seconds) | X2: Parallel Time (mins) | Z2: Parallel Time (seconds) | AA2: Parallel Time (mins)
A3: 1053374 (25x) | B3: 5 | D3: =IF(NOT(ISBLANK(C3)), ROUND(C3/60,0), "") | F3: =IF(NOT(ISBLANK(E3)), ROUND(E3/60,0), "") | H3: =IF(NOT(ISBLANK(G3)), ROUND(G3/60,0), "") | L3: =IF(NOT(ISBLANK(K3)), ROUND(K3/60,0), "") | N3: =IF(NOT(ISBLANK(M3)), ROUND(M3/60,0), "") | P3: =IF(NOT(ISBLANK(O3)), ROUND(O3/60,0), "") | R3: =IF(NOT(ISBLANK(Q3)), ROUND(Q3/60,0), "") | T3: =IF(NOT(ISBLANK(S3)), ROUND(S3/60,0), "") | U3: 205336 | V3: =IF(NOT(ISBLANK(U3)), ROUND(U3/60,0), "") -> 3422 | X3: =IF(NOT(ISBLANK(W3)), ROUND(W3/60,0), "") | AA3: =IF(NOT(ISBLANK(Z3)), ROUND(Z3/60,0), "") | AC3: 1053374 (25x)
A4: 1053374 (25x) | B4: 10 | C4: 116930 | D4: =IF(NOT(ISBLANK(C4)), ROUND(C4/60,0), "") -> 1949 | E4: 91821 | F4: =IF(NOT(ISBLANK(E4)), ROUND(E4/60,0), "") -> 1530 | G4: 112091 | H4: =IF(NOT(ISBLANK(G4)), ROUND(G4/60,0), "") -> 1868 | K4: 140122 | L4: =IF(NOT(ISBLANK(K4)), ROUND(K4/60,0), "") -> 2335 | M4: 74746 | N4: =IF(NOT(ISBLANK(M4)), ROUND(M4/60,0), "") -> 1246 | O4: 113169 | P4: =IF(NOT(ISBLANK(O4)), ROUND(O4/60,0), "") -> 1886 | Q4: 140121 | R4: =IF(NOT(ISBLANK(Q4)), ROUND(Q4/60,0), "") -> 2335 | S4: 113017 | T4: =IF(NOT(ISBLANK(S4)), ROUND(S4/60,0), "") -> 1884 | U4: 106077 | V4: =IF(NOT(ISBLANK(U4)), ROUND(U4/60,0), "") -> 1768 | W4: 104643 | X4: =IF(NOT(ISBLANK(W4)), ROUND(W4/60,0), "") -> 1744 | Z4: 90374 | AA4: =IF(NOT(ISBLANK(Z4)), ROUND(Z4/60,0), "") -> 1506 | AC4: 1053374 (25x)
A5: 1053374 (25x) | B5: 15 | C5: 58579 | D5: =IF(NOT(ISBLANK(C5)), ROUND(C5/60,0), "") -> 976 | E5: 67329 | F5: =IF(NOT(ISBLANK(E5)), ROUND(E5/60,0), "") -> 1122 | G5: 78706 | H5: =IF(NOT(ISBLANK(G5)), ROUND(G5/60,0), "") -> 1312 | K5: 63466 | L5: =IF(NOT(ISBLANK(K5)), ROUND(K5/60,0), "") -> 1058 | M5: 59347 | N5: =IF(NOT(ISBLANK(M5)), ROUND(M5/60,0), "") -> 989 | O5: 57281 | P5: =IF(NOT(ISBLANK(O5)), ROUND(O5/60,0), "") -> 955 | Q5: 68737 | R5: =IF(NOT(ISBLANK(Q5)), ROUND(Q5/60,0), "") -> 1146 | S5: 60867 | T5: =IF(NOT(ISBLANK(S5)), ROUND(S5/60,0), "") -> 1014 | U5: 60040 | V5: =IF(NOT(ISBLANK(U5)), ROUND(U5/60,0), "") -> 1001 | W5: 59702 | X5: =IF(NOT(ISBLANK(W5)), ROUND(W5/60,0), "") -> 995 | Z5: 59497 | AA5: =IF(NOT(ISBLANK(Z5)), ROUND(Z5/60,0), "") -> 992 | AC5: 1053374 (25x)
A6: 1053374 (25x) | B6: 20 | C6: 51261 | D6: =IF(NOT(ISBLANK(C6)), ROUND(C6/60,0), "") -> 854 | E6: 41673 | F6: =IF(NOT(ISBLANK(E6)), ROUND(E6/60,0), "") -> 695 | G6: 50224 | H6: =IF(NOT(ISBLANK(G6)), ROUND(G6/60,0), "") -> 837 | K6: 42195 | L6: =IF(NOT(ISBLANK(K6)), ROUND(K6/60,0), "") -> 703 | M6: 44492 | N6: =IF(NOT(ISBLANK(M6)), ROUND(M6/60,0), "") -> 742 | O6: 51782 | P6: =IF(NOT(ISBLANK(O6)), ROUND(O6/60,0), "") -> 863 | Q6: 42195 | R6: =IF(NOT(ISBLANK(Q6)), ROUND(Q6/60,0), "") -> 703 | S6: 42466 | T6: =IF(NOT(ISBLANK(S6)), ROUND(S6/60,0), "") -> 708 | U6: 45609 | V6: =IF(NOT(ISBLANK(U6)), ROUND(U6/60,0), "") -> 760 | W6: 35633 | X6: =IF(NOT(ISBLANK(W6)), ROUND(W6/60,0), "") -> 594 | Z6: 42465 | AA6: =IF(NOT(ISBLANK(Z6)), ROUND(Z6/60,0), "") -> 708 | AC6: 1053374 (25x)
A7: 1053374 (25x) | B7: 30 | C7: 46007 | D7: =IF(NOT(ISBLANK(C7)), ROUND(C7/60,0), "") -> 767 | E7: 43403 | F7: =IF(NOT(ISBLANK(E7)), ROUND(E7/60,0), "") -> 723 | G7: 32428 | H7: =IF(NOT(ISBLANK(G7)), ROUND(G7/60,0), "") -> 540 | K7: 34734 | L7: =IF(NOT(ISBLANK(K7)), ROUND(K7/60,0), "") -> 579 | M7: 30535 | N7: =IF(NOT(ISBLANK(M7)), ROUND(M7/60,0), "") -> 509 | O7: 35306 | P7: =IF(NOT(ISBLANK(O7)), ROUND(O7/60,0), "") -> 588 | Q7: 34734 | R7: =IF(NOT(ISBLANK(Q7)), ROUND(Q7/60,0), "") -> 579 | S7: 35279 | T7: =IF(NOT(ISBLANK(S7)), ROUND(S7/60,0), "") -> 588 | U7: 30141 | V7: =IF(NOT(ISBLANK(U7)), ROUND(U7/60,0), "") -> 502 | W7: 28715 | X7: =IF(NOT(ISBLANK(W7)), ROUND(W7/60,0), "") -> 479 | Z7: 32084 | AA7: =IF(NOT(ISBLANK(Z7)), ROUND(Z7/60,0), "") -> 535 | AC7: 1053374 (25x)
A8: 1053374 (25x) | B8: 40 | C8: 28869 | D8: =IF(NOT(ISBLANK(C8)), ROUND(C8/60,0), "") -> 481 | E8: 30396 | F8: =IF(NOT(ISBLANK(E8)), ROUND(E8/60,0), "") -> 507 | G8: 26079 | H8: =IF(NOT(ISBLANK(G8)), ROUND(G8/60,0), "") -> 435 | K8: 32994 | L8: =IF(NOT(ISBLANK(K8)), ROUND(K8/60,0), "") -> 550 | M8: 27710 | N8: =IF(NOT(ISBLANK(M8)), ROUND(M8/60,0), "") -> 462 | O8: 27172 | P8: =IF(NOT(ISBLANK(O8)), ROUND(O8/60,0), "") -> 453 | Q8: 33634 | R8: =IF(NOT(ISBLANK(Q8)), ROUND(Q8/60,0), "") -> 561 | S8: 28159 | T8: =IF(NOT(ISBLANK(S8)), ROUND(S8/60,0), "") -> 469 | U8: 23966 | V8: =IF(NOT(ISBLANK(U8)), ROUND(U8/60,0), "") -> 399 | W8: 24257 | X8: =IF(NOT(ISBLANK(W8)), ROUND(W8/60,0), "") -> 404 | Z8: 28159 | AA8: =IF(NOT(ISBLANK(Z8)), ROUND(Z8/60,0), "") -> 469 | AC8: 1053374 (25x)
A9: 1053374 (25x) | B9: 50 | C9: 25368 | D9: =IF(NOT(ISBLANK(C9)), ROUND(C9/60,0), "") -> 423 | E9: 28582 | F9: =IF(NOT(ISBLANK(E9)), ROUND(E9/60,0), "") -> 476 | G9: 22809 | H9: =IF(NOT(ISBLANK(G9)), ROUND(G9/60,0), "") -> 380 | K9: 25898 | L9: =IF(NOT(ISBLANK(K9)), ROUND(K9/60,0), "") -> 432 | M9: 24305 | N9: =IF(NOT(ISBLANK(M9)), ROUND(M9/60,0), "") -> 405 | O9: 24355 | P9: =IF(NOT(ISBLANK(O9)), ROUND(O9/60,0), "") -> 406 | Q9: 27846 | R9: =IF(NOT(ISBLANK(Q9)), ROUND(Q9/60,0), "") -> 464 | S9: 21684 | T9: =IF(NOT(ISBLANK(S9)), ROUND(S9/60,0), "") -> 361 | U9: 23166 | V9: =IF(NOT(ISBLANK(U9)), ROUND(U9/60,0), "") -> 386 | W9: 19108 | X9: =IF(NOT(ISBLANK(W9)), ROUND(W9/60,0), "") -> 318 | Z9: 22175 | AA9: =IF(NOT(ISBLANK(Z9)), ROUND(Z9/60,0), "") -> 370 | AC9: 1053374 (25x)
A10: 1053374 (25x) | B10: 64 | C10: 23556 | D10: =IF(NOT(ISBLANK(C10)), ROUND(C10/60,0), "") -> 393 | E10: 21309 | F10: =IF(NOT(ISBLANK(E10)), ROUND(E10/60,0), "") -> 355 | G10: 21406 | H10: =IF(NOT(ISBLANK(G10)), ROUND(G10/60,0), "") -> 357 | K10: 22970 | L10: =IF(NOT(ISBLANK(K10)), ROUND(K10/60,0), "") -> 383 | M10: 19866 | N10: =IF(NOT(ISBLANK(M10)), ROUND(M10/60,0), "") -> 331 | O10: 27293 | P10: =IF(NOT(ISBLANK(O10)), ROUND(O10/60,0), "") -> 455 | Q10: 21354 | R10: =IF(NOT(ISBLANK(Q10)), ROUND(Q10/60,0), "") -> 356 | S10: 23375 | T10: =IF(NOT(ISBLANK(S10)), ROUND(S10/60,0), "") -> 390 | U10: 20143 | V10: =IF(NOT(ISBLANK(U10)), ROUND(U10/60,0), "") -> 336 | W10: 17487 | X10: =IF(NOT(ISBLANK(W10)), ROUND(W10/60,0), "") -> 291 | Z10: 18923 | AA10: =IF(NOT(ISBLANK(Z10)), ROUND(Z10/60,0), "") -> 315 | AC10: 1053374 (25x)
A11: 1053374 (25x) | B11: 82 | C11: 20806 | D11: =IF(NOT(ISBLANK(C11)), ROUND(C11/60,0), "") -> 347 | E11: 20671 | F11: =IF(NOT(ISBLANK(E11)), ROUND(E11/60,0), "") -> 345 | G11: 17931 | H11: =IF(NOT(ISBLANK(G11)), ROUND(G11/60,0), "") -> 299 | K11: 23530 | L11: =IF(NOT(ISBLANK(K11)), ROUND(K11/60,0), "") -> 392 | M11: 16605 | N11: =IF(NOT(ISBLANK(M11)), ROUND(M11/60,0), "") -> 277 | O11: 17669 | P11: =IF(NOT(ISBLANK(O11)), ROUND(O11/60,0), "") -> 294 | Q11: 21503 | R11: =IF(NOT(ISBLANK(Q11)), ROUND(Q11/60,0), "") -> 358 | S11: 21073 | T11: =IF(NOT(ISBLANK(S11)), ROUND(S11/60,0), "") -> 351 | U11: 17443 | V11: =IF(NOT(ISBLANK(U11)), ROUND(U11/60,0), "") -> 291 | W11: 17045 | X11: =IF(NOT(ISBLANK(W11)), ROUND(W11/60,0), "") -> 284 | Z11: 19239 | AA11: =IF(NOT(ISBLANK(Z11)), ROUND(Z11/60,0), "") -> 321 | AC11: 1053374 (25x)
A12: 1053374 (25x) | B12: 100 | C12: 15955 | D12: =IF(NOT(ISBLANK(C12)), ROUND(C12/60,0), "") -> 266 | E12: 15504 | F12: =IF(NOT(ISBLANK(E12)), ROUND(E12/60,0), "") -> 258 | G12: 16764 | H12: =IF(NOT(ISBLANK(G12)), ROUND(G12/60,0), "") -> 279 | K12: 16770 | L12: =IF(NOT(ISBLANK(K12)), ROUND(K12/60,0), "") -> 280 | M12: 18752 | N12: =IF(NOT(ISBLANK(M12)), ROUND(M12/60,0), "") -> 313 | P12: =IF(NOT(ISBLANK(O12)), ROUND(O12/60,0), "") | Q12: 16223 | R12: =IF(NOT(ISBLANK(Q12)), ROUND(Q12/60,0), "") -> 270 | S12: 17330 | T12: =IF(NOT(ISBLANK(S12)), ROUND(S12/60,0), "") -> 289 | U12: 13874 | V12: =IF(NOT(ISBLANK(U12)), ROUND(U12/60,0), "") -> 231 | X12: =IF(NOT(ISBLANK(W12)), ROUND(W12/60,0), "") | Z12: 16740 | AA12: =IF(NOT(ISBLANK(Z12)), ROUND(Z12/60,0), "") -> 279 | AC12: 1053374 (25x)
A13: 41084 (10x) | B13: 5 | D13: =IF(NOT(ISBLANK(C13)), ROUND(C13/60,0), "") | F13: =IF(NOT(ISBLANK(E13)), ROUND(E13/60,0), "") | H13: =IF(NOT(ISBLANK(G13)), ROUND(G13/60,0), "") | L13: =IF(NOT(ISBLANK(K13)), ROUND(K13/60,0), "") | N13: =IF(NOT(ISBLANK(M13)), ROUND(M13/60,0), "") | P13: =IF(NOT(ISBLANK(O13)), ROUND(O13/60,0), "") | R13: =IF(NOT(ISBLANK(Q13)), ROUND(Q13/60,0), "") | T13: =IF(NOT(ISBLANK(S13)), ROUND(S13/60,0), "") | V13: =IF(NOT(ISBLANK(U13)), ROUND(U13/60,0), "") | W13: 107437 | X13: =IF(NOT(ISBLANK(W13)), ROUND(W13/60,0), "") -> 1791 | AA13: =IF(NOT(ISBLANK(Z13)), ROUND(Z13/60,0), "") | AC13: 41084 (10x)
A14: 41084 (10x) | B14: 10 | C14: 98809 | D14: =IF(NOT(ISBLANK(C14)), ROUND(C14/60,0), "") -> 1647 | E14: 77472 | F14: =IF(NOT(ISBLANK(E14)), ROUND(E14/60,0), "") -> 1291 | G14: 81195 | H14: =IF(NOT(ISBLANK(G14)), ROUND(G14/60,0), "") -> 1353 | K14: 83636 | L14: =IF(NOT(ISBLANK(K14)), ROUND(K14/60,0), "") -> 1394 | N14: =IF(NOT(ISBLANK(M14)), ROUND(M14/60,0), "") | O14: 83504 | P14: =IF(NOT(ISBLANK(O14)), ROUND(O14/60,0), "") -> 1392 | Q14: 83636 | R14: =IF(NOT(ISBLANK(Q14)), ROUND(Q14/60,0), "") -> 1394 | S14: 104370 | T14: =IF(NOT(ISBLANK(S14)), ROUND(S14/60,0), "") -> 1740 | U14: 87642 | V14: =IF(NOT(ISBLANK(U14)), ROUND(U14/60,0), "") -> 1461 | W14: 84126 | X14: =IF(NOT(ISBLANK(W14)), ROUND(W14/60,0), "") -> 1402 | AA14: =IF(NOT(ISBLANK(Z14)), ROUND(Z14/60,0), "") | AC14: 41084 (10x)
A15: 41084 (10x) | B15: 15 | C15: 59586 | D15: =IF(NOT(ISBLANK(C15)), ROUND(C15/60,0), "") -> 993 | E15: 60745 | F15: =IF(NOT(ISBLANK(E15)), ROUND(E15/60,0), "") -> 1012 | G15: 67922 | H15: =IF(NOT(ISBLANK(G15)), ROUND(G15/60,0), "") -> 1132 | K15: 67994 | L15: =IF(NOT(ISBLANK(K15)), ROUND(K15/60,0), "") -> 1133 | M15: 54160 | N15: =IF(NOT(ISBLANK(M15)), ROUND(M15/60,0), "") -> 903 | O15: 65764 | P15: =IF(NOT(ISBLANK(O15)), ROUND(O15/60,0), "") -> 1096 | Q15: 59205 | R15: =IF(NOT(ISBLANK(Q15)), ROUND(Q15/60,0), "") -> 987 | S15: 73073 | T15: =IF(NOT(ISBLANK(S15)), ROUND(S15/60,0), "") -> 1218 | U15: 58746 | V15: =IF(NOT(ISBLANK(U15)), ROUND(U15/60,0), "") -> 979 | W15: 55409 | X15: =IF(NOT(ISBLANK(W15)), ROUND(W15/60,0), "") -> 923 | Z15: 76155 | AA15: =IF(NOT(ISBLANK(Z15)), ROUND(Z15/60,0), "") -> 1269 | AC15: 41084 (10x)
A16: 41084 (10x) | B16: 20 | C16: 45696 | D16: =IF(NOT(ISBLANK(C16)), ROUND(C16/60,0), "") -> 762 | E16: 59074 | F16: =IF(NOT(ISBLANK(E16)), ROUND(E16/60,0), "") -> 985 | G16: 57826 | H16: =IF(NOT(ISBLANK(G16)), ROUND(G16/60,0), "") -> 964 | K16: 51218 | L16: =IF(NOT(ISBLANK(K16)), ROUND(K16/60,0), "") -> 854 | M16: 48131 | N16: =IF(NOT(ISBLANK(M16)), ROUND(M16/60,0), "") -> 802 | O16: 42673 | P16: =IF(NOT(ISBLANK(O16)), ROUND(O16/60,0), "") -> 711 | Q16: 51218 | R16: =IF(NOT(ISBLANK(Q16)), ROUND(Q16/60,0), "") -> 854 | S16: 46539 | T16: =IF(NOT(ISBLANK(S16)), ROUND(S16/60,0), "") -> 776 | U16: 50926 | V16: =IF(NOT(ISBLANK(U16)), ROUND(U16/60,0), "") -> 849 | W16: 36369 | X16: =IF(NOT(ISBLANK(W16)), ROUND(W16/60,0), "") -> 606 | Z16: 46136 | AA16: =IF(NOT(ISBLANK(Z16)), ROUND(Z16/60,0), "") -> 769 | AC16: 41084 (10x)
A17: 41084 (10x) | B17: 30 | C17: 38843 | D17: =IF(NOT(ISBLANK(C17)), ROUND(C17/60,0), "") -> 647 | E17: 31958 | F17: =IF(NOT(ISBLANK(E17)), ROUND(E17/60,0), "") -> 533 | G17: 39022 | H17: =IF(NOT(ISBLANK(G17)), ROUND(G17/60,0), "") -> 650 | K17: 33306 | L17: =IF(NOT(ISBLANK(K17)), ROUND(K17/60,0), "") -> 555 | M17: 34914 | N17: =IF(NOT(ISBLANK(M17)), ROUND(M17/60,0), "") -> 582 | O17: 37157 | P17: =IF(NOT(ISBLANK(O17)), ROUND(O17/60,0), "") -> 619 | Q17: 33306 | R17: =IF(NOT(ISBLANK(Q17)), ROUND(Q17/60,0), "") -> 555 | S17: 37755 | T17: =IF(NOT(ISBLANK(S17)), ROUND(S17/60,0), "") -> 629 | U17: 32153 | V17: =IF(NOT(ISBLANK(U17)), ROUND(U17/60,0), "") -> 536 | W17: 31408 | X17: =IF(NOT(ISBLANK(W17)), ROUND(W17/60,0), "") -> 523 | Z17: 37756 | AA17: =IF(NOT(ISBLANK(Z17)), ROUND(Z17/60,0), "") -> 629 | AC17: 41084 (10x)
A18: 41084 (10x) | B18: 40 | C18: 25148 | D18: =IF(NOT(ISBLANK(C18)), ROUND(C18/60,0), "") -> 419 | F18: =IF(NOT(ISBLANK(E18)), ROUND(E18/60,0), "") | G18: 28685 | H18: =IF(NOT(ISBLANK(G18)), ROUND(G18/60,0), "") -> 478 | K18: 33456 | L18: =IF(NOT(ISBLANK(K18)), ROUND(K18/60,0), "") -> 558 | M18: 25708 | N18: =IF(NOT(ISBLANK(M18)), ROUND(M18/60,0), "") -> 428 | O18: 28399 | P18: =IF(NOT(ISBLANK(O18)), ROUND(O18/60,0), "") -> 473 | Q18: 27090 | R18: =IF(NOT(ISBLANK(Q18)), ROUND(Q18/60,0), "") -> 452 | S18: 29004 | T18: =IF(NOT(ISBLANK(S18)), ROUND(S18/60,0), "") -> 483 | U18: 27681 | V18: =IF(NOT(ISBLANK(U18)), ROUND(U18/60,0), "") -> 461 | W18: 26445 | X18: =IF(NOT(ISBLANK(W18)), ROUND(W18/60,0), "") -> 441 | Z18: 29364 | AA18: =IF(NOT(ISBLANK(Z18)), ROUND(Z18/60,0), "") -> 489 | AC18: 41084 (10x)
A19: 41084 (10x) | B19: 50 | C19: 22999 | D19: =IF(NOT(ISBLANK(C19)), ROUND(C19/60,0), "") -> 383 | E19: 24413 | F19: =IF(NOT(ISBLANK(E19)), ROUND(E19/60,0), "") -> 407 | G19: 21874 | H19: =IF(NOT(ISBLANK(G19)), ROUND(G19/60,0), "") -> 365 | K19: 28905 | L19: =IF(NOT(ISBLANK(K19)), ROUND(K19/60,0), "") -> 482 | M19: 26944 | N19: =IF(NOT(ISBLANK(M19)), ROUND(M19/60,0), "") -> 449 | O19: 27203 | P19: =IF(NOT(ISBLANK(O19)), ROUND(O19/60,0), "") -> 453 | Q19: 27086 | R19: =IF(NOT(ISBLANK(Q19)), ROUND(Q19/60,0), "") -> 451 | S19: 24340 | T19: =IF(NOT(ISBLANK(S19)), ROUND(S19/60,0), "") -> 406 | U19: 26886 | V19: =IF(NOT(ISBLANK(U19)), ROUND(U19/60,0), "") -> 448 | W19: 23185 | X19: =IF(NOT(ISBLANK(W19)), ROUND(W19/60,0), "") -> 386 | Z19: 22641 | AA19: =IF(NOT(ISBLANK(Z19)), ROUND(Z19/60,0), "") -> 377 | AC19: 41084 (10x)
A20: 41084 (10x) | B20: 64 | C20: 20521 | D20: =IF(NOT(ISBLANK(C20)), ROUND(C20/60,0), "") -> 342 | E20: 22474 | F20: =IF(NOT(ISBLANK(E20)), ROUND(E20/60,0), "") -> 375 | G20: 19412 | H20: =IF(NOT(ISBLANK(G20)), ROUND(G20/60,0), "") -> 324 | K20: 19356 | L20: =IF(NOT(ISBLANK(K20)), ROUND(K20/60,0), "") -> 323 | M20: 20546 | N20: =IF(NOT(ISBLANK(M20)), ROUND(M20/60,0), "") -> 342 | O20: 22728 | P20: =IF(NOT(ISBLANK(O20)), ROUND(O20/60,0), "") -> 379 | Q20: 19356 | R20: =IF(NOT(ISBLANK(Q20)), ROUND(Q20/60,0), "") -> 323 | S20: 27491 | T20: =IF(NOT(ISBLANK(S20)), ROUND(S20/60,0), "") -> 458 | U20: 18981 | V20: =IF(NOT(ISBLANK(U20)), ROUND(U20/60,0), "") -> 316 | W20: 19393 | X20: =IF(NOT(ISBLANK(W20)), ROUND(W20/60,0), "") -> 323 | Z20: 19535 | AA20: =IF(NOT(ISBLANK(Z20)), ROUND(Z20/60,0), "") -> 326 | AC20: 41084 (10x)
A21: 41084 (10x) | B21: 82 | C21: 19557 | D21: =IF(NOT(ISBLANK(C21)), ROUND(C21/60,0), "") -> 326 | E21: 16924 | F21: =IF(NOT(ISBLANK(E21)), ROUND(E21/60,0), "") -> 282 | G21: 16715 | H21: =IF(NOT(ISBLANK(G21)), ROUND(G21/60,0), "") -> 279 | K21: 17864 | L21: =IF(NOT(ISBLANK(K21)), ROUND(K21/60,0), "") -> 298 | M21: 17172 | N21: =IF(NOT(ISBLANK(M21)), ROUND(M21/60,0), "") -> 286 | O21: 18452 | P21: =IF(NOT(ISBLANK(O21)), ROUND(O21/60,0), "") -> 308 | Q21: 16939 | R21: =IF(NOT(ISBLANK(Q21)), ROUND(Q21/60,0), "") -> 282 | S21: 21575 | T21: =IF(NOT(ISBLANK(S21)), ROUND(S21/60,0), "") -> 360 | U21: 20393 | V21: =IF(NOT(ISBLANK(U21)), ROUND(U21/60,0), "") -> 340 | W21: 15734 | X21: =IF(NOT(ISBLANK(W21)), ROUND(W21/60,0), "") -> 262 | Z21: 18154 | AA21: =IF(NOT(ISBLANK(Z21)), ROUND(Z21/60,0), "") -> 303 | AC21: 41084 (10x)
A22: 41084 (10x) | B22: 100 | C22: 14139 | D22: =IF(NOT(ISBLANK(C22)), ROUND(C22/60,0), "") -> 236 | E22: 15958 | F22: =IF(NOT(ISBLANK(E22)), ROUND(E22/60,0), "") -> 266 | G22: 14823 | H22: =IF(NOT(ISBLANK(G22)), ROUND(G22/60,0), "") -> 247 | K22: 16020 | L22: =IF(NOT(ISBLANK(K22)), ROUND(K22/60,0), "") -> 267 | M22: 18729 | N22: =IF(NOT(ISBLANK(M22)), ROUND(M22/60,0), "") -> 312 | O22: 18106 | P22: =IF(NOT(ISBLANK(O22)), ROUND(O22/60,0), "") -> 302 | Q22: 17175 | R22: =IF(NOT(ISBLANK(Q22)), ROUND(Q22/60,0), "") -> 286 | S22: 17745 | T22: =IF(NOT(ISBLANK(S22)), ROUND(S22/60,0), "") -> 296 | U22: 15269 | V22: =IF(NOT(ISBLANK(U22)), ROUND(U22/60,0), "") -> 254 | X22: =IF(NOT(ISBLANK(W22)), ROUND(W22/60,0), "") | Z22: 13885 | AA22: =IF(NOT(ISBLANK(Z22)), ROUND(Z22/60,0), "") -> 231 | AC22: 41084 (10x)
A23: 500094 (10x) | B23: 5 | D23: =IF(NOT(ISBLANK(C23)), ROUND(C23/60,0), "") | F23: =IF(NOT(ISBLANK(E23)), ROUND(E23/60,0), "") | H23: =IF(NOT(ISBLANK(G23)), ROUND(G23/60,0), "") | L23: =IF(NOT(ISBLANK(K23)), ROUND(K23/60,0), "") | N23: =IF(NOT(ISBLANK(M23)), ROUND(M23/60,0), "") | P23: =IF(NOT(ISBLANK(O23)), ROUND(O23/60,0), "") | R23: =IF(NOT(ISBLANK(Q23)), ROUND(Q23/60,0), "") | T23: =IF(NOT(ISBLANK(S23)), ROUND(S23/60,0), "") | V23: =IF(NOT(ISBLANK(U23)), ROUND(U23/60,0), "") | X23: =IF(NOT(ISBLANK(W23)), ROUND(W23/60,0), "") | AA23: =IF(NOT(ISBLANK(Z23)), ROUND(Z23/60,0), "") | AC23: 500094 (10x)
A24: 500094 (10x) | B24: 10 | D24: =IF(NOT(ISBLANK(C24)), ROUND(C24/60,0), "") | E24: 154798 | F24: =IF(NOT(ISBLANK(E24)), ROUND(E24/60,0), "") -> 2580 | G24: 160330 | H24: =IF(NOT(ISBLANK(G24)), ROUND(G24/60,0), "") -> 2672 | L24: =IF(NOT(ISBLANK(K24)), ROUND(K24/60,0), "") | N24: =IF(NOT(ISBLANK(M24)), ROUND(M24/60,0), "") | P24: =IF(NOT(ISBLANK(O24)), ROUND(O24/60,0), "") | R24: =IF(NOT(ISBLANK(Q24)), ROUND(Q24/60,0), "") | T24: =IF(NOT(ISBLANK(S24)), ROUND(S24/60,0), "") | V24: =IF(NOT(ISBLANK(U24)), ROUND(U24/60,0), "") | W24: 130064 | X24: =IF(NOT(ISBLANK(W24)), ROUND(W24/60,0), "") -> 2168 | AA24: =IF(NOT(ISBLANK(Z24)), ROUND(Z24/60,0), "") | AC24: 500094 (10x)
A25: 500094 (10x) | B25: 15 | C25: 96129 | D25: =IF(NOT(ISBLANK(C25)), ROUND(C25/60,0), "") -> 1602 | E25: 118996 | F25: =IF(NOT(ISBLANK(E25)), ROUND(E25/60,0), "") -> 1983 | G25: 97814 | H25: =IF(NOT(ISBLANK(G25)), ROUND(G25/60,0), "") -> 1630 | K25: 113396 | L25: =IF(NOT(ISBLANK(K25)), ROUND(K25/60,0), "") -> 1890 | N25: =IF(NOT(ISBLANK(M25)), ROUND(M25/60,0), "") | O25: 100175 | P25: =IF(NOT(ISBLANK(O25)), ROUND(O25/60,0), "") -> 1670 | Q25: 113391 | R25: =IF(NOT(ISBLANK(Q25)), ROUND(Q25/60,0), "") -> 1890 | T25: =IF(NOT(ISBLANK(S25)), ROUND(S25/60,0), "") | U25: 146357 | V25: =IF(NOT(ISBLANK(U25)), ROUND(U25/60,0), "") -> 2439 | W25: 83747 | X25: =IF(NOT(ISBLANK(W25)), ROUND(W25/60,0), "") -> 1396 | AA25: =IF(NOT(ISBLANK(Z25)), ROUND(Z25/60,0), "") | AC25: 500094 (10x)
A26: 500094 (10x) | B26: 20 | C26: 78484 | D26: =IF(NOT(ISBLANK(C26)), ROUND(C26/60,0), "") -> 1308 | E26: 106089 | F26: =IF(NOT(ISBLANK(E26)), ROUND(E26/60,0), "") -> 1768 | G26: 69487 | H26: =IF(NOT(ISBLANK(G26)), ROUND(G26/60,0), "") -> 1158 | K26: 77345 | L26: =IF(NOT(ISBLANK(K26)), ROUND(K26/60,0), "") -> 1289 | M26: 90382 | N26: =IF(NOT(ISBLANK(M26)), ROUND(M26/60,0), "") -> 1506 | O26: 78169 | P26: =IF(NOT(ISBLANK(O26)), ROUND(O26/60,0), "") -> 1303 | Q26: 77344 | R26: =IF(NOT(ISBLANK(Q26)), ROUND(Q26/60,0), "") -> 1289 | S26: 128390 | T26: =IF(NOT(ISBLANK(S26)), ROUND(S26/60,0), "") -> 2140 | U26: 116326 | V26: =IF(NOT(ISBLANK(U26)), ROUND(U26/60,0), "") -> 1939 | W26: 88432 | X26: =IF(NOT(ISBLANK(W26)), ROUND(W26/60,0), "") -> 1474 | AA26: =IF(NOT(ISBLANK(Z26)), ROUND(Z26/60,0), "") | AC26: 500094 (10x)
A27: 500094 (10x) | B27: 30 | C27: 72884 | D27: =IF(NOT(ISBLANK(C27)), ROUND(C27/60,0), "") -> 1215 | E27: 64039 | F27: =IF(NOT(ISBLANK(E27)), ROUND(E27/60,0), "") -> 1067 | G27: 54286 | H27: =IF(NOT(ISBLANK(G27)), ROUND(G27/60,0), "") -> 905 | K27: 76969 | L27: =IF(NOT(ISBLANK(K27)), ROUND(K27/60,0), "") -> 1283 | M27: 60240 | N27: =IF(NOT(ISBLANK(M27)), ROUND(M27/60,0), "") -> 1004 | O27: 58471 | P27: =IF(NOT(ISBLANK(O27)), ROUND(O27/60,0), "") -> 975 | Q27: 55714 | R27: =IF(NOT(ISBLANK(Q27)), ROUND(Q27/60,0), "") -> 929 | S27: 79904 | T27: =IF(NOT(ISBLANK(S27)), ROUND(S27/60,0), "") -> 1332 | U27: 80342 | V27: =IF(NOT(ISBLANK(U27)), ROUND(U27/60,0), "") -> 1339 | W27: 49084 | X27: =IF(NOT(ISBLANK(W27)), ROUND(W27/60,0), "") -> 818 | Z27: 70627 | AA27: =IF(NOT(ISBLANK(Z27)), ROUND(Z27/60,0), "") -> 1177 | AC27: 500094 (10x)
A28: 500094 (10x) | B28: 40 | C28: 63753 | D28: =IF(NOT(ISBLANK(C28)), ROUND(C28/60,0), "") -> 1063 | E28: 50548 | F28: =IF(NOT(ISBLANK(E28)), ROUND(E28/60,0), "") -> 842 | G28: 36254 | H28: =IF(NOT(ISBLANK(G28)), ROUND(G28/60,0), "") -> 604 | K28: 49951 | L28: =IF(NOT(ISBLANK(K28)), ROUND(K28/60,0), "") -> 833 | M28: 48527 | N28: =IF(NOT(ISBLANK(M28)), ROUND(M28/60,0), "") -> 809 | P28: =IF(NOT(ISBLANK(O28)), ROUND(O28/60,0), "") | Q28: 53537 | R28: =IF(NOT(ISBLANK(Q28)), ROUND(Q28/60,0), "") -> 892 | S28: 62525 | T28: =IF(NOT(ISBLANK(S28)), ROUND(S28/60,0), "") -> 1042 | U28: 69539 | V28: =IF(NOT(ISBLANK(U28)), ROUND(U28/60,0), "") -> 1159 | W28: 40309 | X28: =IF(NOT(ISBLANK(W28)), ROUND(W28/60,0), "") -> 672 | Z28: 69805 | AA28: =IF(NOT(ISBLANK(Z28)), ROUND(Z28/60,0), "") -> 1163 | AC28: 500094 (10x)
A29: 500094 (10x) | B29: 50 | C29: 38641 | D29: =IF(NOT(ISBLANK(C29)), ROUND(C29/60,0), "") -> 644 | E29: 42072 | F29: =IF(NOT(ISBLANK(E29)), ROUND(E29/60,0), "") -> 701 | G29: 32088 | H29: =IF(NOT(ISBLANK(G29)), ROUND(G29/60,0), "") -> 535 | K29: 38261 | L29: =IF(NOT(ISBLANK(K29)), ROUND(K29/60,0), "") -> 638 | M29: 39505 | N29: =IF(NOT(ISBLANK(M29)), ROUND(M29/60,0), "") -> 658 | O29: 36194 | P29: =IF(NOT(ISBLANK(O29)), ROUND(O29/60,0), "") -> 603 | Q29: 33826 | R29: =IF(NOT(ISBLANK(Q29)), ROUND(Q29/60,0), "") -> 564 | S29: 50264 | T29: =IF(NOT(ISBLANK(S29)), ROUND(S29/60,0), "") -> 838 | U29: 49451 | V29: =IF(NOT(ISBLANK(U29)), ROUND(U29/60,0), "") -> 824 | W29: 37592 | X29: =IF(NOT(ISBLANK(W29)), ROUND(W29/60,0), "") -> 627 | Z29: 41835 | AA29: =IF(NOT(ISBLANK(Z29)), ROUND(Z29/60,0), "") -> 697 | AC29: 500094 (10x)
A30: 500094 (10x) | B30: 64 | C30: 28973 | D30: =IF(NOT(ISBLANK(C30)), ROUND(C30/60,0), "") -> 483 | E30: 33213 | F30: =IF(NOT(ISBLANK(E30)), ROUND(E30/60,0), "") -> 554 | G30: 29429 | H30: =IF(NOT(ISBLANK(G30)), ROUND(G30/60,0), "") -> 490 | K30: 31039 | L30: =IF(NOT(ISBLANK(K30)), ROUND(K30/60,0), "") -> 517 | M30: 33024 | N30: =IF(NOT(ISBLANK(M30)), ROUND(M30/60,0), "") -> 550 | O30: 31260 | P30: =IF(NOT(ISBLANK(O30)), ROUND(O30/60,0), "") -> 521 | Q30: 31353 | R30: =IF(NOT(ISBLANK(Q30)), ROUND(Q30/60,0), "") -> 523 | S30: 35305 | T30: =IF(NOT(ISBLANK(S30)), ROUND(S30/60,0), "") -> 588 | U30: 60641 | V30: =IF(NOT(ISBLANK(U30)), ROUND(U30/60,0), "") -> 1011 | W30: 31359 | X30: =IF(NOT(ISBLANK(W30)), ROUND(W30/60,0), "") -> 523 | Z30: 41884 | AA30: =IF(NOT(ISBLANK(Z30)), ROUND(Z30/60,0), "") -> 698 | AC30: 500094 (10x)
A31: 500094 (10x) | B31: 82 | C31: 28103 | D31: =IF(NOT(ISBLANK(C31)), ROUND(C31/60,0), "") -> 468 | E31: 23494 | F31: =IF(NOT(ISBLANK(E31)), ROUND(E31/60,0), "") -> 392 | G31: 22925 | H31: =IF(NOT(ISBLANK(G31)), ROUND(G31/60,0), "") -> 382 | K31: 25374 | L31: =IF(NOT(ISBLANK(K31)), ROUND(K31/60,0), "") -> 423 | M31: 24903 | N31: =IF(NOT(ISBLANK(M31)), ROUND(M31/60,0), "") -> 415 | O31: 27334 | P31: =IF(NOT(ISBLANK(O31)), ROUND(O31/60,0), "") -> 456 | Q31: 28245 | R31: =IF(NOT(ISBLANK(Q31)), ROUND(Q31/60,0), "") -> 471 | S31: 35287 | T31: =IF(NOT(ISBLANK(S31)), ROUND(S31/60,0), "") -> 588 | U31: 57777 | V31: =IF(NOT(ISBLANK(U31)), ROUND(U31/60,0), "") -> 963 | W31: 34921 | X31: =IF(NOT(ISBLANK(W31)), ROUND(W31/60,0), "") -> 582 | Z31: 35747 | AA31: =IF(NOT(ISBLANK(Z31)), ROUND(Z31/60,0), "") -> 596 | AC31: 500094 (10x)
A32: 500094 (10x) | B32: 100 | C32: 20135 | D32: =IF(NOT(ISBLANK(C32)), ROUND(C32/60,0), "") -> 336 | E32: 33007 | F32: =IF(NOT(ISBLANK(E32)), ROUND(E32/60,0), "") -> 550 | G32: 21181 | H32: =IF(NOT(ISBLANK(G32)), ROUND(G32/60,0), "") -> 353 | K32: 24874 | L32: =IF(NOT(ISBLANK(K32)), ROUND(K32/60,0), "") -> 415 | M32: 25267 | N32: =IF(NOT(ISBLANK(M32)), ROUND(M32/60,0), "") -> 421 | O32: 22917 | P32: =IF(NOT(ISBLANK(O32)), ROUND(O32/60,0), "") -> 382 | Q32: 23305 | R32: =IF(NOT(ISBLANK(Q32)), ROUND(Q32/60,0), "") -> 388 | S32: 34052 | T32: =IF(NOT(ISBLANK(S32)), ROUND(S32/60,0), "") -> 568 | U32: 31612 | V32: =IF(NOT(ISBLANK(U32)), ROUND(U32/60,0), "") -> 527 | X32: =IF(NOT(ISBLANK(W32)), ROUND(W32/60,0), "") | Z32: 26217 | AA32: =IF(NOT(ISBLANK(Z32)), ROUND(Z32/60,0), "") -> 437 | AC32: 500094 (10x)
A33: 51329 (4x) | B33: 5 | D33: =IF(NOT(ISBLANK(C33)), ROUND(C33/60,0), "") | F33: =IF(NOT(ISBLANK(E33)), ROUND(E33/60,0), "") | H33: =IF(NOT(ISBLANK(G33)), ROUND(G33/60,0), "") | L33: =IF(NOT(ISBLANK(K33)), ROUND(K33/60,0), "") | N33: =IF(NOT(ISBLANK(M33)), ROUND(M33/60,0), "") | P33: =IF(NOT(ISBLANK(O33)), ROUND(O33/60,0), "") | R33: =IF(NOT(ISBLANK(Q33)), ROUND(Q33/60,0), "") | T33: =IF(NOT(ISBLANK(S33)), ROUND(S33/60,0), "") | V33: =IF(NOT(ISBLANK(U33)), ROUND(U33/60,0), "") | W33: 57504 | X33: =IF(NOT(ISBLANK(W33)), ROUND(W33/60,0), "") -> 958 | AA33: =IF(NOT(ISBLANK(Z33)), ROUND(Z33/60,0), "") | AC33: 51329 (4x)
A34: 51329 (4x) | B34: 10 | C34: 69029 | D34: =IF(NOT(ISBLANK(C34)), ROUND(C34/60,0), "") -> 1150 | E34: 60207 | F34: =IF(NOT(ISBLANK(E34)), ROUND(E34/60,0), "") -> 1003 | H34: =IF(NOT(ISBLANK(G34)), ROUND(G34/60,0), "") | L34: =IF(NOT(ISBLANK(K34)), ROUND(K34/60,0), "") | N34: =IF(NOT(ISBLANK(M34)), ROUND(M34/60,0), "") | O34: 73070 | P34: =IF(NOT(ISBLANK(O34)), ROUND(O34/60,0), "") -> 1218 | Q34: 63332 | R34: =IF(NOT(ISBLANK(Q34)), ROUND(Q34/60,0), "") -> 1056 | S34: 69805 | T34: =IF(NOT(ISBLANK(S34)), ROUND(S34/60,0), "") -> 1163 | U34: 83196 | V34: =IF(NOT(ISBLANK(U34)), ROUND(U34/60,0), "") -> 1387 | W34: 45677 | X34: =IF(NOT(ISBLANK(W34)), ROUND(W34/60,0), "") -> 761 | Z34: 62880 | AA34: =IF(NOT(ISBLANK(Z34)), ROUND(Z34/60,0), "") -> 1048 | AC34: 51329 (4x)
A35: 51329 (4x) | B35: 15 | D35: =IF(NOT(ISBLANK(C35)), ROUND(C35/60,0), "") | E35: 55803 | F35: =IF(NOT(ISBLANK(E35)), ROUND(E35/60,0), "") -> 930 | G35: 46704 | H35: =IF(NOT(ISBLANK(G35)), ROUND(G35/60,0), "") -> 778 | K35: 50516 | L35: =IF(NOT(ISBLANK(K35)), ROUND(K35/60,0), "") -> 842 | M35: 50690 | N35: =IF(NOT(ISBLANK(M35)), ROUND(M35/60,0), "") -> 845 | O35: 58908 | P35: =IF(NOT(ISBLANK(O35)), ROUND(O35/60,0), "") -> 982 | Q35: 53349 | R35: =IF(NOT(ISBLANK(Q35)), ROUND(Q35/60,0), "") -> 889 | S35: 49390 | T35: =IF(NOT(ISBLANK(S35)), ROUND(S35/60,0), "") -> 823 | U35: 60429 | V35: =IF(NOT(ISBLANK(U35)), ROUND(U35/60,0), "") -> 1007 | W35: 36901 | X35: =IF(NOT(ISBLANK(W35)), ROUND(W35/60,0), "") -> 615 | Z35: 48352 | AA35: =IF(NOT(ISBLANK(Z35)), ROUND(Z35/60,0), "") -> 806 | AC35: 51329 (4x)
A36: 51329 (4x) | B36: 20 | C36: 41130 | D36: =IF(NOT(ISBLANK(C36)), ROUND(C36/60,0), "") -> 686 | E36: 40808 | F36: =IF(NOT(ISBLANK(E36)), ROUND(E36/60,0), "") -> 680 | G36: 41658 | H36: =IF(NOT(ISBLANK(G36)), ROUND(G36/60,0), "") -> 694 | K36: 40868 | L36: =IF(NOT(ISBLANK(K36)), ROUND(K36/60,0), "") -> 681 | M36: 44528 | N36: =IF(NOT(ISBLANK(M36)), ROUND(M36/60,0), "") -> 742 | O36: 35323 | P36: =IF(NOT(ISBLANK(O36)), ROUND(O36/60,0), "") -> 589 | Q36: 39933 | R36: =IF(NOT(ISBLANK(Q36)), ROUND(Q36/60,0), "") -> 666 | S36: 38605 | T36: =IF(NOT(ISBLANK(S36)), ROUND(S36/60,0), "") -> 643 | U36: 45401 | V36: =IF(NOT(ISBLANK(U36)), ROUND(U36/60,0), "") -> 757 | W36: 26447 | X36: =IF(NOT(ISBLANK(W36)), ROUND(W36/60,0), "") -> 441 | Z36: 37233 | AA36: =IF(NOT(ISBLANK(Z36)), ROUND(Z36/60,0), "") -> 621 | AC36: 51329 (4x)
A37: 51329 (4x) | B37: 30 | C37: 33168 | D37: =IF(NOT(ISBLANK(C37)), ROUND(C37/60,0), "") -> 553 | E37: 30769 | F37: =IF(NOT(ISBLANK(E37)), ROUND(E37/60,0), "") -> 513 | G37: 34193 | H37: =IF(NOT(ISBLANK(G37)), ROUND(G37/60,0), "") -> 570 | K37: 31088 | L37: =IF(NOT(ISBLANK(K37)), ROUND(K37/60,0), "") -> 518 | M37: 27074 | N37: =IF(NOT(ISBLANK(M37)), ROUND(M37/60,0), "") -> 451 | O37: 26096 | P37: =IF(NOT(ISBLANK(O37)), ROUND(O37/60,0), "") -> 435 | Q37: 31449 | R37: =IF(NOT(ISBLANK(Q37)), ROUND(Q37/60,0), "") -> 524 | S37: 26802 | T37: =IF(NOT(ISBLANK(S37)), ROUND(S37/60,0), "") -> 447 | U37: 44043 | V37: =IF(NOT(ISBLANK(U37)), ROUND(U37/60,0), "") -> 734 | W37: 21092 | X37: =IF(NOT(ISBLANK(W37)), ROUND(W37/60,0), "") -> 352 | Z37: 27985 | AA37: =IF(NOT(ISBLANK(Z37)), ROUND(Z37/60,0), "") -> 466 | AC37: 51329 (4x)
A38: 51329 (4x) | B38: 40 | C38: 26222 | D38: =IF(NOT(ISBLANK(C38)), ROUND(C38/60,0), "") -> 437 | E38: 23741 | F38: =IF(NOT(ISBLANK(E38)), ROUND(E38/60,0), "") -> 396 | G38: 22696 | H38: =IF(NOT(ISBLANK(G38)), ROUND(G38/60,0), "") -> 378 | K38: 21955 | L38: =IF(NOT(ISBLANK(K38)), ROUND(K38/60,0), "") -> 366 | M38: 24077 | N38: =IF(NOT(ISBLANK(M38)), ROUND(M38/60,0), "") -> 401 | O38: 20839 | P38: =IF(NOT(ISBLANK(O38)), ROUND(O38/60,0), "") -> 347 | Q38: 22638 | R38: =IF(NOT(ISBLANK(Q38)), ROUND(Q38/60,0), "") -> 377 | S38: 24719 | T38: =IF(NOT(ISBLANK(S38)), ROUND(S38/60,0), "") -> 412 | U38: 25393 | V38: =IF(NOT(ISBLANK(U38)), ROUND(U38/60,0), "") -> 423 | W38: 18786 | X38: =IF(NOT(ISBLANK(W38)), ROUND(W38/60,0), "") -> 313 | Z38: 21382 | AA38: =IF(NOT(ISBLANK(Z38)), ROUND(Z38/60,0), "") -> 356 | AC38: 51329 (4x)
A39: 51329 (4x) | B39: 50 | C39: 19630 | D39: =IF(NOT(ISBLANK(C39)), ROUND(C39/60,0), "") -> 327 | E39: 19530 | F39: =IF(NOT(ISBLANK(E39)), ROUND(E39/60,0), "") -> 326 | G39: 19532 | H39: =IF(NOT(ISBLANK(G39)), ROUND(G39/60,0), "") -> 326 | K39: 21176 | L39: =IF(NOT(ISBLANK(K39)), ROUND(K39/60,0), "") -> 353 | M39: 22052 | N39: =IF(NOT(ISBLANK(M39)), ROUND(M39/60,0), "") -> 368 | O39: 24509 | P39: =IF(NOT(ISBLANK(O39)), ROUND(O39/60,0), "") -> 408 | Q39: 20615 | R39: =IF(NOT(ISBLANK(Q39)), ROUND(Q39/60,0), "") -> 344 | S39: 19708 | T39: =IF(NOT(ISBLANK(S39)), ROUND(S39/60,0), "") -> 328 | U39: 18616 | V39: =IF(NOT(ISBLANK(U39)), ROUND(U39/60,0), "") -> 310 | W39: 14880 | X39: =IF(NOT(ISBLANK(W39)), ROUND(W39/60,0), "") -> 248 | Z39: 19082 | AA39: =IF(NOT(ISBLANK(Z39)), ROUND(Z39/60,0), "") -> 318 | AC39: 51329 (4x)
A40: 51329 (4x) | B40: 64 | C40: 16549 | D40: =IF(NOT(ISBLANK(C40)), ROUND(C40/60,0), "") -> 276 | E40: 17146 | F40: =IF(NOT(ISBLANK(E40)), ROUND(E40/60,0), "") -> 286 | G40: 17315 | H40: =IF(NOT(ISBLANK(G40)), ROUND(G40/60,0), "") -> 289 | K40: 16191 | L40: =IF(NOT(ISBLANK(K40)), ROUND(K40/60,0), "") -> 270 | M40: 17622 | N40: =IF(NOT(ISBLANK(M40)), ROUND(M40/60,0), "") -> 294 | O40: 15985 | P40: =IF(NOT(ISBLANK(O40)), ROUND(O40/60,0), "") -> 266 | Q40: 16310 | R40: =IF(NOT(ISBLANK(Q40)), ROUND(Q40/60,0), "") -> 272 | S40: 16007 | T40: =IF(NOT(ISBLANK(S40)), ROUND(S40/60,0), "") -> 267 | U40: 15958 | V40: =IF(NOT(ISBLANK(U40)), ROUND(U40/60,0), "") -> 266 | W40: 15213 | X40: =IF(NOT(ISBLANK(W40)), ROUND(W40/60,0), "") -> 254 | Z40: 16248 | AA40: =IF(NOT(ISBLANK(Z40)), ROUND(Z40/60,0), "") -> 271 | AC40: 51329 (4x)
A41: 51329 (4x) | B41: 82 | C41: 13428 | D41: =IF(NOT(ISBLANK(C41)), ROUND(C41/60,0), "") -> 224 | E41: 14549 | F41: =IF(NOT(ISBLANK(E41)), ROUND(E41/60,0), "") -> 242 | G41: 15086 | H41: =IF(NOT(ISBLANK(G41)), ROUND(G41/60,0), "") -> 251 | K41: 14921 | L41: =IF(NOT(ISBLANK(K41)), ROUND(K41/60,0), "") -> 249 | M41: 14804 | N41: =IF(NOT(ISBLANK(M41)), ROUND(M41/60,0), "") -> 247 | O41: 13474 | P41: =IF(NOT(ISBLANK(O41)), ROUND(O41/60,0), "") -> 225 | Q41: 13640 | R41: =IF(NOT(ISBLANK(Q41)), ROUND(Q41/60,0), "") -> 227 | S41: 13911 | T41: =IF(NOT(ISBLANK(S41)), ROUND(S41/60,0), "") -> 232 | U41: 15157 | V41: =IF(NOT(ISBLANK(U41)), ROUND(U41/60,0), "") -> 253 | W41: 13926 | X41: =IF(NOT(ISBLANK(W41)), ROUND(W41/60,0), "") -> 232 | Z41: 17349 | AA41: =IF(NOT(ISBLANK(Z41)), ROUND(Z41/60,0), "") -> 289 | AC41: 51329 (4x)
A42: 51329 (4x) | B42: 100 | C42: 12439 | D42: =IF(NOT(ISBLANK(C42)), ROUND(C42/60,0), "") -> 207 | E42: 12617 | F42: =IF(NOT(ISBLANK(E42)), ROUND(E42/60,0), "") -> 210 | G42: 12529 | H42: =IF(NOT(ISBLANK(G42)), ROUND(G42/60,0), "") -> 209 | K42: 18333 | L42: =IF(NOT(ISBLANK(K42)), ROUND(K42/60,0), "") -> 306 | M42: 13497 | N42: =IF(NOT(ISBLANK(M42)), ROUND(M42/60,0), "") -> 225 | O42: 11591 | P42: =IF(NOT(ISBLANK(O42)), ROUND(O42/60,0), "") -> 193 | Q42: 13727 | R42: =IF(NOT(ISBLANK(Q42)), ROUND(Q42/60,0), "") -> 229 | S42: 11825 | T42: =IF(NOT(ISBLANK(S42)), ROUND(S42/60,0), "") -> 197 | U42: 15411 | V42: =IF(NOT(ISBLANK(U42)), ROUND(U42/60,0), "") -> 257 | X42: =IF(NOT(ISBLANK(W42)), ROUND(W42/60,0), "") | Z42: 21000 | AA42: =IF(NOT(ISBLANK(Z42)), ROUND(Z42/60,0), "") -> 350 | AC42: 51329 (4x)
A43: 51329 (5x) | B43: 5 | D43: =IF(NOT(ISBLANK(C43)), ROUND(C43/60,0), "") | F43: =IF(NOT(ISBLANK(E43)), ROUND(E43/60,0), "") | H43: =IF(NOT(ISBLANK(G43)), ROUND(G43/60,0), "") | L43: =IF(NOT(ISBLANK(K43)), ROUND(K43/60,0), "") | N43: =IF(NOT(ISBLANK(M43)), ROUND(M43/60,0), "") | P43: =IF(NOT(ISBLANK(O43)), ROUND(O43/60,0), "") | R43: =IF(NOT(ISBLANK(Q43)), ROUND(Q43/60,0), "") | T43: =IF(NOT(ISBLANK(S43)), ROUND(S43/60,0), "") | V43: =IF(NOT(ISBLANK(U43)), ROUND(U43/60,0), "") | X43: =IF(NOT(ISBLANK(W43)), ROUND(W43/60,0), "") | AA43: =IF(NOT(ISBLANK(Z43)), ROUND(Z43/60,0), "") | AC43: 51329 (5x)
A44: 51329 (5x) | B44: 10 | D44: =IF(NOT(ISBLANK(C44)), ROUND(C44/60,0), "") | F44: =IF(NOT(ISBLANK(E44)), ROUND(E44/60,0), "") | H44: =IF(NOT(ISBLANK(G44)), ROUND(G44/60,0), "") | L44: =IF(NOT(ISBLANK(K44)), ROUND(K44/60,0), "") | N44: =IF(NOT(ISBLANK(M44)), ROUND(M44/60,0), "") | P44: =IF(NOT(ISBLANK(O44)), ROUND(O44/60,0), "") | R44: =IF(NOT(ISBLANK(Q44)), ROUND(Q44/60,0), "") | T44: =IF(NOT(ISBLANK(S44)), ROUND(S44/60,0), "") | V44: =IF(NOT(ISBLANK(U44)), ROUND(U44/60,0), "") | X44: =IF(NOT(ISBLANK(W44)), ROUND(W44/60,0), "") | AA44: =IF(NOT(ISBLANK(Z44)), ROUND(Z44/60,0), "") | AC44: 51329 (5x)
A45: 51329 (5x) | B45: 15 | D45: =IF(NOT(ISBLANK(C45)), ROUND(C45/60,0), "") | F45: =IF(NOT(ISBLANK(E45)), ROUND(E45/60,0), "") | H45: =IF(NOT(ISBLANK(G45)), ROUND(G45/60,0), "") | L45: =IF(NOT(ISBLANK(K45)), ROUND(K45/60,0), "") | N45: =IF(NOT(ISBLANK(M45)), ROUND(M45/60,0), "") | P45: =IF(NOT(ISBLANK(O45)), ROUND(O45/60,0), "") | R45: =IF(NOT(ISBLANK(Q45)), ROUND(Q45/60,0), "") | T45: =IF(NOT(ISBLANK(S45)), ROUND(S45/60,0), "") | V45: =IF(NOT(ISBLANK(U45)), ROUND(U45/60,0), "") | X45: =IF(NOT(ISBLANK(W45)), ROUND(W45/60,0), "") | AA45: =IF(NOT(ISBLANK(Z45)), ROUND(Z45/60,0), "") | AC45: 51329 (5x)
A46: 51329 (5x) | B46: 20 | D46: =IF(NOT(ISBLANK(C46)), ROUND(C46/60,0), "") | F46: =IF(NOT(ISBLANK(E46)), ROUND(E46/60,0), "") | H46: =IF(NOT(ISBLANK(G46)), ROUND(G46/60,0), "") | L46: =IF(NOT(ISBLANK(K46)), ROUND(K46/60,0), "") | N46: =IF(NOT(ISBLANK(M46)), ROUND(M46/60,0), "") | P46: =IF(NOT(ISBLANK(O46)), ROUND(O46/60,0), "") | R46: =IF(NOT(ISBLANK(Q46)), ROUND(Q46/60,0), "") | T46: =IF(NOT(ISBLANK(S46)), ROUND(S46/60,0), "") | V46: =IF(NOT(ISBLANK(U46)), ROUND(U46/60,0), "") | W46: 127808 | X46: =IF(NOT(ISBLANK(W46)), ROUND(W46/60,0), "") -> 2130 | AA46: =IF(NOT(ISBLANK(Z46)), ROUND(Z46/60,0), "") | AC46: 51329 (5x)
A47: 51329 (5x) | B47: 30 | D47: =IF(NOT(ISBLANK(C47)), ROUND(C47/60,0), "") | F47: =IF(NOT(ISBLANK(E47)), ROUND(E47/60,0), "") | H47: =IF(NOT(ISBLANK(G47)), ROUND(G47/60,0), "") | K47: 131672 | L47: =IF(NOT(ISBLANK(K47)), ROUND(K47/60,0), "") -> 2195 | N47: =IF(NOT(ISBLANK(M47)), ROUND(M47/60,0), "") | O47: 137632 | P47: =IF(NOT(ISBLANK(O47)), ROUND(O47/60,0), "") -> 2294 | Q47: 144416 | R47: =IF(NOT(ISBLANK(Q47)), ROUND(Q47/60,0), "") -> 2407 | T47: =IF(NOT(ISBLANK(S47)), ROUND(S47/60,0), "") | V47: =IF(NOT(ISBLANK(U47)), ROUND(U47/60,0), "") | W47: 80781 | X47: =IF(NOT(ISBLANK(W47)), ROUND(W47/60,0), "") -> 1346 | Z47: 123007 | AA47: =IF(NOT(ISBLANK(Z47)), ROUND(Z47/60,0), "") -> 2050 | AC47: 51329 (5x)
A48: 51329 (5x) | B48: 40 | D48: =IF(NOT(ISBLANK(C48)), ROUND(C48/60,0), "") | E48: 96260 | F48: =IF(NOT(ISBLANK(E48)), ROUND(E48/60,0), "") -> 1604 | G48: 92611 | H48: =IF(NOT(ISBLANK(G48)), ROUND(G48/60,0), "") -> 1544 | L48: =IF(NOT(ISBLANK(K48)), ROUND(K48/60,0), "") | M48: 90665 | N48: =IF(NOT(ISBLANK(M48)), ROUND(M48/60,0), "") -> 1511 | O48: 95754 | P48: =IF(NOT(ISBLANK(O48)), ROUND(O48/60,0), "") -> 1596 | R48: =IF(NOT(ISBLANK(Q48)), ROUND(Q48/60,0), "") | S48: 96628 | T48: =IF(NOT(ISBLANK(S48)), ROUND(S48/60,0), "") -> 1610 | U48: 95605 | V48: =IF(NOT(ISBLANK(U48)), ROUND(U48/60,0), "") -> 1593 | W48: 63337 | X48: =IF(NOT(ISBLANK(W48)), ROUND(W48/60,0), "") -> 1056 | AA48: =IF(NOT(ISBLANK(Z48)), ROUND(Z48/60,0), "") | AC48: 51329 (5x)
A49: 51329 (5x) | B49: 50 | C49: 90432 | D49: =IF(NOT(ISBLANK(C49)), ROUND(C49/60,0), "") -> 1507 | E49: 65829 | F49: =IF(NOT(ISBLANK(E49)), ROUND(E49/60,0), "") -> 1097 | G49: 85645 | H49: =IF(NOT(ISBLANK(G49)), ROUND(G49/60,0), "") -> 1427 | K49: 71891 | L49: =IF(NOT(ISBLANK(K49)), ROUND(K49/60,0), "") -> 1198 | M49: 72407 | N49: =IF(NOT(ISBLANK(M49)), ROUND(M49/60,0), "") -> 1207 | O49: 64576 | P49: =IF(NOT(ISBLANK(O49)), ROUND(O49/60,0), "") -> 1076 | Q49: 86868 | R49: =IF(NOT(ISBLANK(Q49)), ROUND(Q49/60,0), "") -> 1448 | S49: 74330 | T49: =IF(NOT(ISBLANK(S49)), ROUND(S49/60,0), "") -> 1239 | U49: 75961 | V49: =IF(NOT(ISBLANK(U49)), ROUND(U49/60,0), "") -> 1266 | W49: 56962 | X49: =IF(NOT(ISBLANK(W49)), ROUND(W49/60,0), "") -> 949 | Z49: 71504 | AA49: =IF(NOT(ISBLANK(Z49)), ROUND(Z49/60,0), "") -> 1192 | AC49: 51329 (5x)
A50: 51329 (5x) | B50: 64 | C50: 61545 | D50: =IF(NOT(ISBLANK(C50)), ROUND(C50/60,0), "") -> 1026 | E50: 57503 | F50: =IF(NOT(ISBLANK(E50)), ROUND(E50/60,0), "") -> 958 | G50: 63195 | H50: =IF(NOT(ISBLANK(G50)), ROUND(G50/60,0), "") -> 1053 | K50: 58211 | L50: =IF(NOT(ISBLANK(K50)), ROUND(K50/60,0), "") -> 970 | M50: 57920 | N50: =IF(NOT(ISBLANK(M50)), ROUND(M50/60,0), "") -> 965 | O50: 58679 | P50: =IF(NOT(ISBLANK(O50)), ROUND(O50/60,0), "") -> 978 | Q50: 55886 | R50: =IF(NOT(ISBLANK(Q50)), ROUND(Q50/60,0), "") -> 931 | S50: 53569 | T50: =IF(NOT(ISBLANK(S50)), ROUND(S50/60,0), "") -> 893 | U50: 57173 | V50: =IF(NOT(ISBLANK(U50)), ROUND(U50/60,0), "") -> 953 | W50: 46890 | X50: =IF(NOT(ISBLANK(W50)), ROUND(W50/60,0), "") -> 782 | Z50: 54722 | AA50: =IF(NOT(ISBLANK(Z50)), ROUND(Z50/60,0), "") -> 912 | AC50: 51329 (5x)
A51: 51329 (5x) | B51: 82 | C51: 67654 | D51: =IF(NOT(ISBLANK(C51)), ROUND(C51/60,0), "") -> 1128 | E51: 47007 | F51: =IF(NOT(ISBLANK(E51)), ROUND(E51/60,0), "") -> 783 | G51: 47608 | H51: =IF(NOT(ISBLANK(G51)), ROUND(G51/60,0), "") -> 793 | K51: 48588 | L51: =IF(NOT(ISBLANK(K51)), ROUND(K51/60,0), "") -> 810 | M51: 75693 | N51: =IF(NOT(ISBLANK(M51)), ROUND(M51/60,0), "") -> 1262 | O51: 50297 | P51: =IF(NOT(ISBLANK(O51)), ROUND(O51/60,0), "") -> 838 | Q51: 47365 | R51: =IF(NOT(ISBLANK(Q51)), ROUND(Q51/60,0), "") -> 789 | S51: 46217 | T51: =IF(NOT(ISBLANK(S51)), ROUND(S51/60,0), "") -> 770 | U51: 49153 | V51: =IF(NOT(ISBLANK(U51)), ROUND(U51/60,0), "") -> 819 | W51: 44138 | X51: =IF(NOT(ISBLANK(W51)), ROUND(W51/60,0), "") -> 736 | Z51: 51353 | AA51: =IF(NOT(ISBLANK(Z51)), ROUND(Z51/60,0), "") -> 856 | AC51: 51329 (5x)
A52: 51329 (5x) | B52: 100 | C52: 40525 | D52: =IF(NOT(ISBLANK(C52)), ROUND(C52/60,0), "") -> 675 | E52: 44683 | F52: =IF(NOT(ISBLANK(E52)), ROUND(E52/60,0), "") -> 745 | G52: 40807 | H52: =IF(NOT(ISBLANK(G52)), ROUND(G52/60,0), "") -> 680 | K52: 41809 | L52: =IF(NOT(ISBLANK(K52)), ROUND(K52/60,0), "") -> 697 | M52: 62879 | N52: =IF(NOT(ISBLANK(M52)), ROUND(M52/60,0), "") -> 1048 | O52: 39828 | P52: =IF(NOT(ISBLANK(O52)), ROUND(O52/60,0), "") -> 664 | Q52: 41149 | R52: =IF(NOT(ISBLANK(Q52)), ROUND(Q52/60,0), "") -> 686 | S52: 40595 | T52: =IF(NOT(ISBLANK(S52)), ROUND(S52/60,0), "") -> 677 | U52: 40345 | V52: =IF(NOT(ISBLANK(U52)), ROUND(U52/60,0), "") -> 672 | X52: =IF(NOT(ISBLANK(W52)), ROUND(W52/60,0), "") | Z52: 40319 | AA52: =IF(NOT(ISBLANK(Z52)), ROUND(Z52/60,0), "") -> 672 | AC52: 51329 (5x)
A53: 77951 (5x) | B53: 5 | C53: 36510 | D53: =IF(NOT(ISBLANK(C53)), ROUND(C53/60,0), "") -> 609 | F53: =IF(NOT(ISBLANK(E53)), ROUND(E53/60,0), "") | H53: =IF(NOT(ISBLANK(G53)), ROUND(G53/60,0), "") | L53: =IF(NOT(ISBLANK(K53)), ROUND(K53/60,0), "") | N53: =IF(NOT(ISBLANK(M53)), ROUND(M53/60,0), "") | P53: =IF(NOT(ISBLANK(O53)), ROUND(O53/60,0), "") | R53: =IF(NOT(ISBLANK(Q53)), ROUND(Q53/60,0), "") | T53: =IF(NOT(ISBLANK(S53)), ROUND(S53/60,0), "") | V53: =IF(NOT(ISBLANK(U53)), ROUND(U53/60,0), "") | X53: =IF(NOT(ISBLANK(W53)), ROUND(W53/60,0), "") | AA53: =IF(NOT(ISBLANK(Z53)), ROUND(Z53/60,0), "") | AC53: 77951 (5x)
A54: 77951 (5x) | B54: 10 | C54: 34197 | D54: =IF(NOT(ISBLANK(C54)), ROUND(C54/60,0), "") -> 570 | E54: 50954 | F54: =IF(NOT(ISBLANK(E54)), ROUND(E54/60,0), "") -> 849 | H54: =IF(NOT(ISBLANK(G54)), ROUND(G54/60,0), "") | L54: =IF(NOT(ISBLANK(K54)), ROUND(K54/60,0), "") | N54: =IF(NOT(ISBLANK(M54)), ROUND(M54/60,0), "") | P54: =IF(NOT(ISBLANK(O54)), ROUND(O54/60,0), "") | Q54: 48850 | R54: =IF(NOT(ISBLANK(Q54)), ROUND(Q54/60,0), "") -> 814 | T54: =IF(NOT(ISBLANK(S54)), ROUND(S54/60,0), "") | U54: 57542 | V54: =IF(NOT(ISBLANK(U54)), ROUND(U54/60,0), "") -> 959 | W54: 35880 | X54: =IF(NOT(ISBLANK(W54)), ROUND(W54/60,0), "") -> 598 | Z54: 46549 | AA54: =IF(NOT(ISBLANK(Z54)), ROUND(Z54/60,0), "") -> 776 | AC54: 77951 (5x)
A55: 77951 (5x) | B55: 15 | C55: 23148 | D55: =IF(NOT(ISBLANK(C55)), ROUND(C55/60,0), "") -> 386 | E55: 34170 | F55: =IF(NOT(ISBLANK(E55)), ROUND(E55/60,0), "") -> 570 | G55: 28718 | H55: =IF(NOT(ISBLANK(G55)), ROUND(G55/60,0), "") -> 479 | K55: 26269 | L55: =IF(NOT(ISBLANK(K55)), ROUND(K55/60,0), "") -> 438 | M55: 32998 | N55: =IF(NOT(ISBLANK(M55)), ROUND(M55/60,0), "") -> 550 | O55: 30931 | P55: =IF(NOT(ISBLANK(O55)), ROUND(O55/60,0), "") -> 516 | Q55: 26024 | R55: =IF(NOT(ISBLANK(Q55)), ROUND(Q55/60,0), "") -> 434 | S55: 36965 | T55: =IF(NOT(ISBLANK(S55)), ROUND(S55/60,0), "") -> 616 | U55: 33562 | V55: =IF(NOT(ISBLANK(U55)), ROUND(U55/60,0), "") -> 559 | W55: 30139 | X55: =IF(NOT(ISBLANK(W55)), ROUND(W55/60,0), "") -> 502 | Z55: 40451 | AA55: =IF(NOT(ISBLANK(Z55)), ROUND(Z55/60,0), "") -> 674 | AC55: 77951 (5x)
A56: 77951 (5x) | B56: 20 | C56: 20379 | D56: =IF(NOT(ISBLANK(C56)), ROUND(C56/60,0), "") -> 340 | E56: 30689 | F56: =IF(NOT(ISBLANK(E56)), ROUND(E56/60,0), "") -> 511 | G56: 26594 | H56: =IF(NOT(ISBLANK(G56)), ROUND(G56/60,0), "") -> 443 | K56: 22332 | L56: =IF(NOT(ISBLANK(K56)), ROUND(K56/60,0), "") -> 372 | M56: 34681 | N56: =IF(NOT(ISBLANK(M56)), ROUND(M56/60,0), "") -> 578 | O56: 32019 | P56: =IF(NOT(ISBLANK(O56)), ROUND(O56/60,0), "") -> 534 | Q56: 22331 | R56: =IF(NOT(ISBLANK(Q56)), ROUND(Q56/60,0), "") -> 372 | S56: 38856 | T56: =IF(NOT(ISBLANK(S56)), ROUND(S56/60,0), "") -> 648 | U56: 26755 | V56: =IF(NOT(ISBLANK(U56)), ROUND(U56/60,0), "") -> 446 | W56: 19378 | X56: =IF(NOT(ISBLANK(W56)), ROUND(W56/60,0), "") -> 323 | Z56: 25051 | AA56: =IF(NOT(ISBLANK(Z56)), ROUND(Z56/60,0), "") -> 418 | AC56: 77951 (5x)
A57: 77951 (5x) | B57: 30 | C57: 16901 | D57: =IF(NOT(ISBLANK(C57)), ROUND(C57/60,0), "") -> 282 | E57: 18684 | F57: =IF(NOT(ISBLANK(E57)), ROUND(E57/60,0), "") -> 311 | G57: 22147 | H57: =IF(NOT(ISBLANK(G57)), ROUND(G57/60,0), "") -> 369 | K57: 19369 | L57: =IF(NOT(ISBLANK(K57)), ROUND(K57/60,0), "") -> 323 | M57: 20778 | N57: =IF(NOT(ISBLANK(M57)), ROUND(M57/60,0), "") -> 346 | O57: 24824 | P57: =IF(NOT(ISBLANK(O57)), ROUND(O57/60,0), "") -> 414 | Q57: 20897 | R57: =IF(NOT(ISBLANK(Q57)), ROUND(Q57/60,0), "") -> 348 | S57: 21458 | T57: =IF(NOT(ISBLANK(S57)), ROUND(S57/60,0), "") -> 358 | U57: 25723 | V57: =IF(NOT(ISBLANK(U57)), ROUND(U57/60,0), "") -> 429 | W57: 16127 | X57: =IF(NOT(ISBLANK(W57)), ROUND(W57/60,0), "") -> 269 | Z57: 20385 | AA57: =IF(NOT(ISBLANK(Z57)), ROUND(Z57/60,0), "") -> 340 | AC57: 77951 (5x)
A58: 77951 (5x) | B58: 40 | C58: 13540 | D58: =IF(NOT(ISBLANK(C58)), ROUND(C58/60,0), "") -> 226 | E58: 16107 | F58: =IF(NOT(ISBLANK(E58)), ROUND(E58/60,0), "") -> 268 | G58: 15774 | H58: =IF(NOT(ISBLANK(G58)), ROUND(G58/60,0), "") -> 263 | K58: 17009 | L58: =IF(NOT(ISBLANK(K58)), ROUND(K58/60,0), "") -> 283 | M58: 16949 | N58: =IF(NOT(ISBLANK(M58)), ROUND(M58/60,0), "") -> 282 | O58: 24593 | P58: =IF(NOT(ISBLANK(O58)), ROUND(O58/60,0), "") -> 410 | Q58: 19760 | R58: =IF(NOT(ISBLANK(Q58)), ROUND(Q58/60,0), "") -> 329 | S58: 14430 | T58: =IF(NOT(ISBLANK(S58)), ROUND(S58/60,0), "") -> 241 | U58: 17737 | V58: =IF(NOT(ISBLANK(U58)), ROUND(U58/60,0), "") -> 296 | W58: 14937 | X58: =IF(NOT(ISBLANK(W58)), ROUND(W58/60,0), "") -> 249 | Z58: 21845 | AA58: =IF(NOT(ISBLANK(Z58)), ROUND(Z58/60,0), "") -> 364 | AC58: 77951 (5x)
A59: 77951 (5x) | B59: 50 | C59: 11696 | D59: =IF(NOT(ISBLANK(C59)), ROUND(C59/60,0), "") -> 195 | E59: 15136 | F59: =IF(NOT(ISBLANK(E59)), ROUND(E59/60,0), "") -> 252 | G59: 14687 | H59: =IF(NOT(ISBLANK(G59)), ROUND(G59/60,0), "") -> 245 | K59: 14967 | L59: =IF(NOT(ISBLANK(K59)), ROUND(K59/60,0), "") -> 249 | M59: 20489 | N59: =IF(NOT(ISBLANK(M59)), ROUND(M59/60,0), "") -> 341 | O59: 16349 | P59: =IF(NOT(ISBLANK(O59)), ROUND(O59/60,0), "") -> 272 | Q59: 14442 | R59: =IF(NOT(ISBLANK(Q59)), ROUND(Q59/60,0), "") -> 241 | S59: 14532 | T59: =IF(NOT(ISBLANK(S59)), ROUND(S59/60,0), "") -> 242 | U59: 15386 | V59: =IF(NOT(ISBLANK(U59)), ROUND(U59/60,0), "") -> 256 | W59: 12910 | X59: =IF(NOT(ISBLANK(W59)), ROUND(W59/60,0), "") -> 215 | Z59: 15172 | AA59: =IF(NOT(ISBLANK(Z59)), ROUND(Z59/60,0), "") -> 253 | AC59: 77951 (5x)
A60: 77951 (5x) | B60: 64 | C60: 36510 | D60: =IF(NOT(ISBLANK(C60)), ROUND(C60/60,0), "") -> 609 | E60: 19337 | F60: =IF(NOT(ISBLANK(E60)), ROUND(E60/60,0), "") -> 322 | G60: 11391 | H60: =IF(NOT(ISBLANK(G60)), ROUND(G60/60,0), "") -> 190 | K60: 11926 | L60: =IF(NOT(ISBLANK(K60)), ROUND(K60/60,0), "") -> 199 | M60: 13426 | N60: =IF(NOT(ISBLANK(M60)), ROUND(M60/60,0), "") -> 224 | O60: 11283 | P60: =IF(NOT(ISBLANK(O60)), ROUND(O60/60,0), "") -> 188 | Q60: 12700 | R60: =IF(NOT(ISBLANK(Q60)), ROUND(Q60/60,0), "") -> 212 | S60: 11447 | T60: =IF(NOT(ISBLANK(S60)), ROUND(S60/60,0), "") -> 191 | U60: 13222 | V60: =IF(NOT(ISBLANK(U60)), ROUND(U60/60,0), "") -> 220 | W60: 12151 | X60: =IF(NOT(ISBLANK(W60)), ROUND(W60/60,0), "") -> 203 | Z60: 13967 | AA60: =IF(NOT(ISBLANK(Z60)), ROUND(Z60/60,0), "") -> 233 | AC60: 77951 (5x)
A61: 77951 (5x) | B61: 82 | C61: 34197 | D61: =IF(NOT(ISBLANK(C61)), ROUND(C61/60,0), "") -> 570 | E61: 12131 | F61: =IF(NOT(ISBLANK(E61)), ROUND(E61/60,0), "") -> 202 | G61: 10545 | H61: =IF(NOT(ISBLANK(G61)), ROUND(G61/60,0), "") -> 176 | K61: 11286 | L61: =IF(NOT(ISBLANK(K61)), ROUND(K61/60,0), "") -> 188 | M61: 11303 | N61: =IF(NOT(ISBLANK(M61)), ROUND(M61/60,0), "") -> 188 | O61: 11241 | P61: =IF(NOT(ISBLANK(O61)), ROUND(O61/60,0), "") -> 187 | Q61: 10647 | R61: =IF(NOT(ISBLANK(Q61)), ROUND(Q61/60,0), "") -> 177 | S61: 10070 | T61: =IF(NOT(ISBLANK(S61)), ROUND(S61/60,0), "") -> 168 | U61: 11370 | V61: =IF(NOT(ISBLANK(U61)), ROUND(U61/60,0), "") -> 190 | W61: 10196 | X61: =IF(NOT(ISBLANK(W61)), ROUND(W61/60,0), "") -> 170 | Z61: 9877 | AA61: =IF(NOT(ISBLANK(Z61)), ROUND(Z61/60,0), "") -> 165 | AC61: 77951 (5x)
A62: 77951 (5x) | B62: 100 | C62: 23148 | D62: =IF(NOT(ISBLANK(C62)), ROUND(C62/60,0), "") -> 386 | E62: 8931 | F62: =IF(NOT(ISBLANK(E62)), ROUND(E62/60,0), "") -> 149 | G62: 10075 | H62: =IF(NOT(ISBLANK(G62)), ROUND(G62/60,0), "") -> 168 | K62: 10348 | L62: =IF(NOT(ISBLANK(K62)), ROUND(K62/60,0), "") -> 172 | M62: 10225 | N62: =IF(NOT(ISBLANK(M62)), ROUND(M62/60,0), "") -> 170 | O62: 10351 | P62: =IF(NOT(ISBLANK(O62)), ROUND(O62/60,0), "") -> 173 | Q62: 9922 | R62: =IF(NOT(ISBLANK(Q62)), ROUND(Q62/60,0), "") -> 165 | S62: 9241 | T62: =IF(NOT(ISBLANK(S62)), ROUND(S62/60,0), "") -> 154 | U62: 9942 | V62: =IF(NOT(ISBLANK(U62)), ROUND(U62/60,0), "") -> 166 | W62: 30261 | X62: =IF(NOT(ISBLANK(W62)), ROUND(W62/60,0), "") -> 504 | Z62: 9738 | AA62: =IF(NOT(ISBLANK(Z62)), ROUND(Z62/60,0), "") -> 162 | AC62: 77951 (5x)
A63: 78224 (5x) | B63: 5 | C63: 25685 | D63: =IF(NOT(ISBLANK(C63)), ROUND(C63/60,0), "") -> 428 | E63: 28983 | F63: =IF(NOT(ISBLANK(E63)), ROUND(E63/60,0), "") -> 483 | G63: 25455 | H63: =IF(NOT(ISBLANK(G63)), ROUND(G63/60,0), "") -> 424 | K63: 60357 | L63: =IF(NOT(ISBLANK(K63)), ROUND(K63/60,0), "") -> 1006 | M63: 26585 | N63: =IF(NOT(ISBLANK(M63)), ROUND(M63/60,0), "") -> 443 | O63: 34540 | P63: =IF(NOT(ISBLANK(O63)), ROUND(O63/60,0), "") -> 576 | Q63: 32442 | R63: =IF(NOT(ISBLANK(Q63)), ROUND(Q63/60,0), "") -> 541 | T63: =IF(NOT(ISBLANK(S63)), ROUND(S63/60,0), "") | U63: 31342 | V63: =IF(NOT(ISBLANK(U63)), ROUND(U63/60,0), "") -> 522 | W63: 15475 | X63: =IF(NOT(ISBLANK(W63)), ROUND(W63/60,0), "") -> 258 | Z63: 25857 | AA63: =IF(NOT(ISBLANK(Z63)), ROUND(Z63/60,0), "") -> 431 | AC63: 78224 (5x)
A64: 78224 (5x) | B64: 10 | C64: 19132 | D64: =IF(NOT(ISBLANK(C64)), ROUND(C64/60,0), "") -> 319 | E64: 14839 | F64: =IF(NOT(ISBLANK(E64)), ROUND(E64/60,0), "") -> 247 | G64: 16653 | H64: =IF(NOT(ISBLANK(G64)), ROUND(G64/60,0), "") -> 278 | K64: 13674 | L64: =IF(NOT(ISBLANK(K64)), ROUND(K64/60,0), "") -> 228 | M64: 15403 | N64: =IF(NOT(ISBLANK(M64)), ROUND(M64/60,0), "") -> 257 | O64: 15506 | P64: =IF(NOT(ISBLANK(O64)), ROUND(O64/60,0), "") -> 258 | Q64: 13779 | R64: =IF(NOT(ISBLANK(Q64)), ROUND(Q64/60,0), "") -> 230 | S64: 15109 | T64: =IF(NOT(ISBLANK(S64)), ROUND(S64/60,0), "") -> 252 | U64: 19126 | V64: =IF(NOT(ISBLANK(U64)), ROUND(U64/60,0), "") -> 319 | W64: 11393 | X64: =IF(NOT(ISBLANK(W64)), ROUND(W64/60,0), "") -> 190 | Z64: 15109 | AA64: =IF(NOT(ISBLANK(Z64)), ROUND(Z64/60,0), "") -> 252 | AC64: 78224 (5x)
A65: 78224 (5x) | B65: 15 | C65: 15677 | D65: =IF(NOT(ISBLANK(C65)), ROUND(C65/60,0), "") -> 261 | E65: 10019 | F65: =IF(NOT(ISBLANK(E65)), ROUND(E65/60,0), "") -> 167 | G65: 12955 | H65: =IF(NOT(ISBLANK(G65)), ROUND(G65/60,0), "") -> 216 | K65: 10856 | L65: =IF(NOT(ISBLANK(K65)), ROUND(K65/60,0), "") -> 181 | M65: 10232 | N65: =IF(NOT(ISBLANK(M65)), ROUND(M65/60,0), "") -> 171 | O65: 9647 | P65: =IF(NOT(ISBLANK(O65)), ROUND(O65/60,0), "") -> 161 | Q65: 9838 | R65: =IF(NOT(ISBLANK(Q65)), ROUND(Q65/60,0), "") -> 164 | S65: 11233 | T65: =IF(NOT(ISBLANK(S65)), ROUND(S65/60,0), "") -> 187 | U65: 11167 | V65: =IF(NOT(ISBLANK(U65)), ROUND(U65/60,0), "") -> 186 | W65: 9437 | X65: =IF(NOT(ISBLANK(W65)), ROUND(W65/60,0), "") -> 157 | Z65: 11233 | AA65: =IF(NOT(ISBLANK(Z65)), ROUND(Z65/60,0), "") -> 187 | AC65: 78224 (5x)
A66: 78224 (5x) | B66: 20 | C66: 8406 | D66: =IF(NOT(ISBLANK(C66)), ROUND(C66/60,0), "") -> 140 | E66: 8787 | F66: =IF(NOT(ISBLANK(E66)), ROUND(E66/60,0), "") -> 146 | G66: 9234 | H66: =IF(NOT(ISBLANK(G66)), ROUND(G66/60,0), "") -> 154 | K66: 10710 | L66: =IF(NOT(ISBLANK(K66)), ROUND(K66/60,0), "") -> 179 | M66: 8336 | N66: =IF(NOT(ISBLANK(M66)), ROUND(M66/60,0), "") -> 139 | O66: 10327 | P66: =IF(NOT(ISBLANK(O66)), ROUND(O66/60,0), "") -> 172 | Q66: 8314 | R66: =IF(NOT(ISBLANK(Q66)), ROUND(Q66/60,0), "") -> 139 | S66: 7818 | T66: =IF(NOT(ISBLANK(S66)), ROUND(S66/60,0), "") -> 130 | U66: 8802 | V66: =IF(NOT(ISBLANK(U66)), ROUND(U66/60,0), "") -> 147 | W66: 5955 | X66: =IF(NOT(ISBLANK(W66)), ROUND(W66/60,0), "") -> 99 | Z66: 7818 | AA66: =IF(NOT(ISBLANK(Z66)), ROUND(Z66/60,0), "") -> 130 | AC66: 78224 (5x)
A67: 78224 (5x) | B67: 30 | C67: 6087 | D67: =IF(NOT(ISBLANK(C67)), ROUND(C67/60,0), "") -> 101 | E67: 5615 | F67: =IF(NOT(ISBLANK(E67)), ROUND(E67/60,0), "") -> 94 | G67: 6362 | H67: =IF(NOT(ISBLANK(G67)), ROUND(G67/60,0), "") -> 106 | K67: 6265 | L67: =IF(NOT(ISBLANK(K67)), ROUND(K67/60,0), "") -> 104 | M67: 7368 | N67: =IF(NOT(ISBLANK(M67)), ROUND(M67/60,0), "") -> 123 | O67: 6902 | P67: =IF(NOT(ISBLANK(O67)), ROUND(O67/60,0), "") -> 115 | Q67: 6145 | R67: =IF(NOT(ISBLANK(Q67)), ROUND(Q67/60,0), "") -> 102 | S67: 5866 | T67: =IF(NOT(ISBLANK(S67)), ROUND(S67/60,0), "") -> 98 | U67: 6148 | V67: =IF(NOT(ISBLANK(U67)), ROUND(U67/60,0), "") -> 102 | W67: 5389 | X67: =IF(NOT(ISBLANK(W67)), ROUND(W67/60,0), "") -> 90 | Z67: 5756 | AA67: =IF(NOT(ISBLANK(Z67)), ROUND(Z67/60,0), "") -> 96 | AC67: 78224 (5x)
A68: 78224 (5x) | B68: 40 | C68: 5134 | D68: =IF(NOT(ISBLANK(C68)), ROUND(C68/60,0), "") -> 86 | E68: 4768 | F68: =IF(NOT(ISBLANK(E68)), ROUND(E68/60,0), "") -> 79 | G68: 5021 | H68: =IF(NOT(ISBLANK(G68)), ROUND(G68/60,0), "") -> 84 | K68: 5142 | L68: =IF(NOT(ISBLANK(K68)), ROUND(K68/60,0), "") -> 86 | M68: 4480 | N68: =IF(NOT(ISBLANK(M68)), ROUND(M68/60,0), "") -> 75 | O68: 5339 | P68: =IF(NOT(ISBLANK(O68)), ROUND(O68/60,0), "") -> 89 | Q68: 5724 | R68: =IF(NOT(ISBLANK(Q68)), ROUND(Q68/60,0), "") -> 95 | S68: 6321 | T68: =IF(NOT(ISBLANK(S68)), ROUND(S68/60,0), "") -> 105 | U68: 4696 | V68: =IF(NOT(ISBLANK(U68)), ROUND(U68/60,0), "") -> 78 | W68: 4612 | X68: =IF(NOT(ISBLANK(W68)), ROUND(W68/60,0), "") -> 77 | Z68: 4887 | AA68: =IF(NOT(ISBLANK(Z68)), ROUND(Z68/60,0), "") -> 81 | AC68: 78224 (5x)
A69: 78224 (5x) | B69: 50 | C69: 3963 | D69: =IF(NOT(ISBLANK(C69)), ROUND(C69/60,0), "") -> 66 | E69: 4217 | F69: =IF(NOT(ISBLANK(E69)), ROUND(E69/60,0), "") -> 70 | G69: 5968 | H69: =IF(NOT(ISBLANK(G69)), ROUND(G69/60,0), "") -> 99 | K69: 4630 | L69: =IF(NOT(ISBLANK(K69)), ROUND(K69/60,0), "") -> 77 | M69: 3692 | N69: =IF(NOT(ISBLANK(M69)), ROUND(M69/60,0), "") -> 62 | O69: 4476 | P69: =IF(NOT(ISBLANK(O69)), ROUND(O69/60,0), "") -> 75 | Q69: 4320 | R69: =IF(NOT(ISBLANK(Q69)), ROUND(Q69/60,0), "") -> 72 | S69: 5681 | T69: =IF(NOT(ISBLANK(S69)), ROUND(S69/60,0), "") -> 95 | U69: 4399 | V69: =IF(NOT(ISBLANK(U69)), ROUND(U69/60,0), "") -> 73 | W69: 3621 | X69: =IF(NOT(ISBLANK(W69)), ROUND(W69/60,0), "") -> 60 | Z69: 4024 | AA69: =IF(NOT(ISBLANK(Z69)), ROUND(Z69/60,0), "") -> 67 | AC69: 78224 (5x)
A70: 78224 (5x) | B70: 64 | C70: 3134 | D70: =IF(NOT(ISBLANK(C70)), ROUND(C70/60,0), "") -> 52 | E70: 3511 | F70: =IF(NOT(ISBLANK(E70)), ROUND(E70/60,0), "") -> 59 | G70: 3221 | H70: =IF(NOT(ISBLANK(G70)), ROUND(G70/60,0), "") -> 54 | K70: 3647 | L70: =IF(NOT(ISBLANK(K70)), ROUND(K70/60,0), "") -> 61 | M70: 3411 | N70: =IF(NOT(ISBLANK(M70)), ROUND(M70/60,0), "") -> 57 | O70: 3782 | P70: =IF(NOT(ISBLANK(O70)), ROUND(O70/60,0), "") -> 63 | Q70: 3870 | R70: =IF(NOT(ISBLANK(Q70)), ROUND(Q70/60,0), "") -> 65 | S70: 3178 | T70: =IF(NOT(ISBLANK(S70)), ROUND(S70/60,0), "") -> 53 | U70: 3775 | V70: =IF(NOT(ISBLANK(U70)), ROUND(U70/60,0), "") -> 63 | W70: 3118 | X70: =IF(NOT(ISBLANK(W70)), ROUND(W70/60,0), "") -> 52 | Z70: 3587 | AA70: =IF(NOT(ISBLANK(Z70)), ROUND(Z70/60,0), "") -> 60 | AC70: 78224 (5x)
A71: 78224 (5x) | B71: 82 | C71: 2769 | D71: =IF(NOT(ISBLANK(C71)), ROUND(C71/60,0), "") -> 46 | E71: 2943 | F71: =IF(NOT(ISBLANK(E71)), ROUND(E71/60,0), "") -> 49 | G71: 2692 | H71: =IF(NOT(ISBLANK(G71)), ROUND(G71/60,0), "") -> 45 | K71: 3404 | L71: =IF(NOT(ISBLANK(K71)), ROUND(K71/60,0), "") -> 57 | M71: 2860 | N71: =IF(NOT(ISBLANK(M71)), ROUND(M71/60,0), "") -> 48 | O71: 3383 | P71: =IF(NOT(ISBLANK(O71)), ROUND(O71/60,0), "") -> 56 | Q71: 3042 | R71: =IF(NOT(ISBLANK(Q71)), ROUND(Q71/60,0), "") -> 51 | S71: 2810 | T71: =IF(NOT(ISBLANK(S71)), ROUND(S71/60,0), "") -> 47 | U71: 3197 | V71: =IF(NOT(ISBLANK(U71)), ROUND(U71/60,0), "") -> 53 | W71: 2519 | X71: =IF(NOT(ISBLANK(W71)), ROUND(W71/60,0), "") -> 42 | Z71: 2724 | AA71: =IF(NOT(ISBLANK(Z71)), ROUND(Z71/60,0), "") -> 45 | AC71: 78224 (5x)
A72: 78224 (5x) | B72: 100 | C72: 2594 | D72: =IF(NOT(ISBLANK(C72)), ROUND(C72/60,0), "") -> 43 | E72: 3002 | F72: =IF(NOT(ISBLANK(E72)), ROUND(E72/60,0), "") -> 50 | G72: 2535 | H72: =IF(NOT(ISBLANK(G72)), ROUND(G72/60,0), "") -> 42 | K72: 2401 | L72: =IF(NOT(ISBLANK(K72)), ROUND(K72/60,0), "") -> 40 | M72: 2625 | N72: =IF(NOT(ISBLANK(M72)), ROUND(M72/60,0), "") -> 44 | O72: 2911 | P72: =IF(NOT(ISBLANK(O72)), ROUND(O72/60,0), "") -> 49 | Q72: 2616 | R72: =IF(NOT(ISBLANK(Q72)), ROUND(Q72/60,0), "") -> 44 | S72: 2817 | T72: =IF(NOT(ISBLANK(S72)), ROUND(S72/60,0), "") -> 47 | U72: 2550 | V72: =IF(NOT(ISBLANK(U72)), ROUND(U72/60,0), "") -> 43 | W72: 9146 | X72: =IF(NOT(ISBLANK(W72)), ROUND(W72/60,0), "") -> 152 | Z72: 2417 | AA72: =IF(NOT(ISBLANK(Z72)), ROUND(Z72/60,0), "") -> 40 | AC72: 78224 (5x)
A73: 797990 (5x) | B73: 5 | C73: 105345 | D73: =IF(NOT(ISBLANK(C73)), ROUND(C73/60,0), "") -> 1756 | F73: =IF(NOT(ISBLANK(E73)), ROUND(E73/60,0), "") | H73: =IF(NOT(ISBLANK(G73)), ROUND(G73/60,0), "") | L73: =IF(NOT(ISBLANK(K73)), ROUND(K73/60,0), "") | N73: =IF(NOT(ISBLANK(M73)), ROUND(M73/60,0), "") | P73: =IF(NOT(ISBLANK(O73)), ROUND(O73/60,0), "") | R73: =IF(NOT(ISBLANK(Q73)), ROUND(Q73/60,0), "") | T73: =IF(NOT(ISBLANK(S73)), ROUND(S73/60,0), "") | V73: =IF(NOT(ISBLANK(U73)), ROUND(U73/60,0), "") | X73: =IF(NOT(ISBLANK(W73)), ROUND(W73/60,0), "") | AA73: =IF(NOT(ISBLANK(Z73)), ROUND(Z73/60,0), "") | AC73: 797990 (5x)
A74: 797990 (5x) | B74: 10 | C74: 81111 | D74: =IF(NOT(ISBLANK(C74)), ROUND(C74/60,0), "") -> 1352 | F74: =IF(NOT(ISBLANK(E74)), ROUND(E74/60,0), "") | H74: =IF(NOT(ISBLANK(G74)), ROUND(G74/60,0), "") | L74: =IF(NOT(ISBLANK(K74)), ROUND(K74/60,0), "") | N74: =IF(NOT(ISBLANK(M74)), ROUND(M74/60,0), "") | P74: =IF(NOT(ISBLANK(O74)), ROUND(O74/60,0), "") | R74: =IF(NOT(ISBLANK(Q74)), ROUND(Q74/60,0), "") | T74: =IF(NOT(ISBLANK(S74)), ROUND(S74/60,0), "") | V74: =IF(NOT(ISBLANK(U74)), ROUND(U74/60,0), "") | X74: =IF(NOT(ISBLANK(W74)), ROUND(W74/60,0), "") | AA74: =IF(NOT(ISBLANK(Z74)), ROUND(Z74/60,0), "") | AC74: 797990 (5x)
A75: 797990 (5x) | B75: 15 | C75: 55144 | D75: =IF(NOT(ISBLANK(C75)), ROUND(C75/60,0), "") -> 919 | F75: =IF(NOT(ISBLANK(E75)), ROUND(E75/60,0), "") | H75: =IF(NOT(ISBLANK(G75)), ROUND(G75/60,0), "") | L75: =IF(NOT(ISBLANK(K75)), ROUND(K75/60,0), "") | N75: =IF(NOT(ISBLANK(M75)), ROUND(M75/60,0), "") | P75: =IF(NOT(ISBLANK(O75)), ROUND(O75/60,0), "") | R75: =IF(NOT(ISBLANK(Q75)), ROUND(Q75/60,0), "") | S75: 46192 | T75: =IF(NOT(ISBLANK(S75)), ROUND(S75/60,0), "") -> 770 | V75: =IF(NOT(ISBLANK(U75)), ROUND(U75/60,0), "") | X75: =IF(NOT(ISBLANK(W75)), ROUND(W75/60,0), "") | AA75: =IF(NOT(ISBLANK(Z75)), ROUND(Z75/60,0), "") | AC75: 797990 (5x)
A76: 797990 (5x) | B76: 20 | C76: 47718 | D76: =IF(NOT(ISBLANK(C76)), ROUND(C76/60,0), "") -> 795 | F76: =IF(NOT(ISBLANK(E76)), ROUND(E76/60,0), "") | H76: =IF(NOT(ISBLANK(G76)), ROUND(G76/60,0), "") | L76: =IF(NOT(ISBLANK(K76)), ROUND(K76/60,0), "") | N76: =IF(NOT(ISBLANK(M76)), ROUND(M76/60,0), "") | P76: =IF(NOT(ISBLANK(O76)), ROUND(O76/60,0), "") | R76: =IF(NOT(ISBLANK(Q76)), ROUND(Q76/60,0), "") | S76: 43679 | T76: =IF(NOT(ISBLANK(S76)), ROUND(S76/60,0), "") -> 728 | V76: =IF(NOT(ISBLANK(U76)), ROUND(U76/60,0), "") | X76: =IF(NOT(ISBLANK(W76)), ROUND(W76/60,0), "") | AA76: =IF(NOT(ISBLANK(Z76)), ROUND(Z76/60,0), "") | AC76: 797990 (5x)
A77: 797990 (5x) | B77: 30 | C77: 31531 | D77: =IF(NOT(ISBLANK(C77)), ROUND(C77/60,0), "") -> 526 | F77: =IF(NOT(ISBLANK(E77)), ROUND(E77/60,0), "") | H77: =IF(NOT(ISBLANK(G77)), ROUND(G77/60,0), "") | L77: =IF(NOT(ISBLANK(K77)), ROUND(K77/60,0), "") | N77: =IF(NOT(ISBLANK(M77)), ROUND(M77/60,0), "") | P77: =IF(NOT(ISBLANK(O77)), ROUND(O77/60,0), "") | R77: =IF(NOT(ISBLANK(Q77)), ROUND(Q77/60,0), "") | S77: 29326 | T77: =IF(NOT(ISBLANK(S77)), ROUND(S77/60,0), "") -> 489 | V77: =IF(NOT(ISBLANK(U77)), ROUND(U77/60,0), "") | X77: =IF(NOT(ISBLANK(W77)), ROUND(W77/60,0), "") | AA77: =IF(NOT(ISBLANK(Z77)), ROUND(Z77/60,0), "") | AC77: 797990 (5x)
A78: 797990 (5x) | B78: 40 | C78: 35755 | D78: =IF(NOT(ISBLANK(C78)), ROUND(C78/60,0), "") -> 596 | F78: =IF(NOT(ISBLANK(E78)), ROUND(E78/60,0), "") | H78: =IF(NOT(ISBLANK(G78)), ROUND(G78/60,0), "") | L78: =IF(NOT(ISBLANK(K78)), ROUND(K78/60,0), "") | N78: =IF(NOT(ISBLANK(M78)), ROUND(M78/60,0), "") | P78: =IF(NOT(ISBLANK(O78)), ROUND(O78/60,0), "") | R78: =IF(NOT(ISBLANK(Q78)), ROUND(Q78/60,0), "") | S78: 21200 | T78: =IF(NOT(ISBLANK(S78)), ROUND(S78/60,0), "") -> 353 | V78: =IF(NOT(ISBLANK(U78)), ROUND(U78/60,0), "") | X78: =IF(NOT(ISBLANK(W78)), ROUND(W78/60,0), "") | AA78: =IF(NOT(ISBLANK(Z78)), ROUND(Z78/60,0), "") | AC78: 797990 (5x)
A79: 797990 (5x) | B79: 50 | C79: 21405 | D79: =IF(NOT(ISBLANK(C79)), ROUND(C79/60,0), "") -> 357 | F79: =IF(NOT(ISBLANK(E79)), ROUND(E79/60,0), "") | H79: =IF(NOT(ISBLANK(G79)), ROUND(G79/60,0), "") | L79: =IF(NOT(ISBLANK(K79)), ROUND(K79/60,0), "") | N79: =IF(NOT(ISBLANK(M79)), ROUND(M79/60,0), "") | P79: =IF(NOT(ISBLANK(O79)), ROUND(O79/60,0), "") | R79: =IF(NOT(ISBLANK(Q79)), ROUND(Q79/60,0), "") | S79: 20086 | T79: =IF(NOT(ISBLANK(S79)), ROUND(S79/60,0), "") -> 335 | V79: =IF(NOT(ISBLANK(U79)), ROUND(U79/60,0), "") | X79: =IF(NOT(ISBLANK(W79)), ROUND(W79/60,0), "") | AA79: =IF(NOT(ISBLANK(Z79)), ROUND(Z79/60,0), "") | AC79: 797990 (5x)
A80: 797990 (5x) | B80: 64 | C80: 15315 | D80: =IF(NOT(ISBLANK(C80)), ROUND(C80/60,0), "") -> 255 | F80: =IF(NOT(ISBLANK(E80)), ROUND(E80/60,0), "") | H80: =IF(NOT(ISBLANK(G80)), ROUND(G80/60,0), "") | L80: =IF(NOT(ISBLANK(K80)), ROUND(K80/60,0), "") | N80: =IF(NOT(ISBLANK(M80)), ROUND(M80/60,0), "") | P80: =IF(NOT(ISBLANK(O80)), ROUND(O80/60,0), "") | R80: =IF(NOT(ISBLANK(Q80)), ROUND(Q80/60,0), "") | S80: 14215 | T80: =IF(NOT(ISBLANK(S80)), ROUND(S80/60,0), "") -> 237 | V80: =IF(NOT(ISBLANK(U80)), ROUND(U80/60,0), "") | X80: =IF(NOT(ISBLANK(W80)), ROUND(W80/60,0), "") | AA80: =IF(NOT(ISBLANK(Z80)), ROUND(Z80/60,0), "") | AC80: 797990 (5x)
A81: 797990 (5x) | B81: 82 | C81: 10649 | D81: =IF(NOT(ISBLANK(C81)), ROUND(C81/60,0), "") -> 177 | F81: =IF(NOT(ISBLANK(E81)), ROUND(E81/60,0), "") | H81: =IF(NOT(ISBLANK(G81)), ROUND(G81/60,0), "") | L81: =IF(NOT(ISBLANK(K81)), ROUND(K81/60,0), "") | N81: =IF(NOT(ISBLANK(M81)), ROUND(M81/60,0), "") | P81: =IF(NOT(ISBLANK(O81)), ROUND(O81/60,0), "") | R81: =IF(NOT(ISBLANK(Q81)), ROUND(Q81/60,0), "") | S81: 14785 | T81: =IF(NOT(ISBLANK(S81)), ROUND(S81/60,0), "") -> 246 | V81: =IF(NOT(ISBLANK(U81)), ROUND(U81/60,0), "") | X81: =IF(NOT(ISBLANK(W81)), ROUND(W81/60,0), "") | AA81: =IF(NOT(ISBLANK(Z81)), ROUND(Z81/60,0), "") | AC81: 797990 (5x)
A82: 797990 (5x) | B82: 100 | C82: 10705 | D82: =IF(NOT(ISBLANK(C82)), ROUND(C82/60,0), "") -> 178 | F82: =IF(NOT(ISBLANK(E82)), ROUND(E82/60,0), "") | H82: =IF(NOT(ISBLANK(G82)), ROUND(G82/60,0), "") | L82: =IF(NOT(ISBLANK(K82)), ROUND(K82/60,0), "") | N82: =IF(NOT(ISBLANK(M82)), ROUND(M82/60,0), "") | P82: =IF(NOT(ISBLANK(O82)), ROUND(O82/60,0), "") | R82: =IF(NOT(ISBLANK(Q82)), ROUND(Q82/60,0), "") | S82: 11492 | T82: =IF(NOT(ISBLANK(S82)), ROUND(S82/60,0), "") -> 192 | V82: =IF(NOT(ISBLANK(U82)), ROUND(U82/60,0), "") | X82: =IF(NOT(ISBLANK(W82)), ROUND(W82/60,0), "") | AA82: =IF(NOT(ISBLANK(Z82)), ROUND(Z82/60,0), "") | AC82: 797990 (5x)
A83: 96457 (2x) | B83: 5 | C83: 10938 | D83: =IF(NOT(ISBLANK(C83)), ROUND(C83/60,0), "") -> 182 | E83: 10048 | F83: =IF(NOT(ISBLANK(E83)), ROUND(E83/60,0), "") -> 167 | G83: 10386 | H83: =IF(NOT(ISBLANK(G83)), ROUND(G83/60,0), "") -> 173 | K83: 9871 | L83: =IF(NOT(ISBLANK(K83)), ROUND(K83/60,0), "") -> 165 | M83: 11553 | N83: =IF(NOT(ISBLANK(M83)), ROUND(M83/60,0), "") -> 193 | O83: 10529 | P83: =IF(NOT(ISBLANK(O83)), ROUND(O83/60,0), "") -> 175 | Q83: 9871 | R83: =IF(NOT(ISBLANK(Q83)), ROUND(Q83/60,0), "") -> 165 | S83: 10459 | T83: =IF(NOT(ISBLANK(S83)), ROUND(S83/60,0), "") -> 174 | U83: 11497 | V83: =IF(NOT(ISBLANK(U83)), ROUND(U83/60,0), "") -> 192 | W83: 6059 | X83: =IF(NOT(ISBLANK(W83)), ROUND(W83/60,0), "") -> 101 | Z83: 9650 | AA83: =IF(NOT(ISBLANK(Z83)), ROUND(Z83/60,0), "") -> 161 | AC83: 96457 (2x)
A84: 96457 (2x) | B84: 10 | C84: 5687 | D84: =IF(NOT(ISBLANK(C84)), ROUND(C84/60,0), "") -> 95 | E84: 6586 | F84: =IF(NOT(ISBLANK(E84)), ROUND(E84/60,0), "") -> 110 | G84: 4836 | H84: =IF(NOT(ISBLANK(G84)), ROUND(G84/60,0), "") -> 81 | K84: 6881 | L84: =IF(NOT(ISBLANK(K84)), ROUND(K84/60,0), "") -> 115 | M84: 6038 | N84: =IF(NOT(ISBLANK(M84)), ROUND(M84/60,0), "") -> 101 | O84: 6292 | P84: =IF(NOT(ISBLANK(O84)), ROUND(O84/60,0), "") -> 105 | Q84: 6881 | R84: =IF(NOT(ISBLANK(Q84)), ROUND(Q84/60,0), "") -> 115 | S84: 6553 | T84: =IF(NOT(ISBLANK(S84)), ROUND(S84/60,0), "") -> 109 | U84: 5723 | V84: =IF(NOT(ISBLANK(U84)), ROUND(U84/60,0), "") -> 95 | W84: 4694 | X84: =IF(NOT(ISBLANK(W84)), ROUND(W84/60,0), "") -> 78 | Z84: 5270 | AA84: =IF(NOT(ISBLANK(Z84)), ROUND(Z84/60,0), "") -> 88 | AC84: 96457 (2x)
A85: 96457 (2x) | B85: 15 | C85: 4666 | D85: =IF(NOT(ISBLANK(C85)), ROUND(C85/60,0), "") -> 78 | E85: 4402 | F85: =IF(NOT(ISBLANK(E85)), ROUND(E85/60,0), "") -> 73 | G85: 4556 | H85: =IF(NOT(ISBLANK(G85)), ROUND(G85/60,0), "") -> 76 | K85: 5474 | L85: =IF(NOT(ISBLANK(K85)), ROUND(K85/60,0), "") -> 91 | M85: 4072 | N85: =IF(NOT(ISBLANK(M85)), ROUND(M85/60,0), "") -> 68 | O85: 5456 | P85: =IF(NOT(ISBLANK(O85)), ROUND(O85/60,0), "") -> 91 | Q85: 5517 | R85: =IF(NOT(ISBLANK(Q85)), ROUND(Q85/60,0), "") -> 92 | S85: 4759 | T85: =IF(NOT(ISBLANK(S85)), ROUND(S85/60,0), "") -> 79 | U85: 4415 | V85: =IF(NOT(ISBLANK(U85)), ROUND(U85/60,0), "") -> 74 | W85: 3705 | X85: =IF(NOT(ISBLANK(W85)), ROUND(W85/60,0), "") -> 62 | Z85: 4893 | AA85: =IF(NOT(ISBLANK(Z85)), ROUND(Z85/60,0), "") -> 82 | AC85: 96457 (2x)
A86: 96457 (2x) | B86: 20 | C86: 3686 | D86: =IF(NOT(ISBLANK(C86)), ROUND(C86/60,0), "") -> 61 | E86: 3871 | F86: =IF(NOT(ISBLANK(E86)), ROUND(E86/60,0), "") -> 65 | G86: 4375 | H86: =IF(NOT(ISBLANK(G86)), ROUND(G86/60,0), "") -> 73 | K86: 4508 | L86: =IF(NOT(ISBLANK(K86)), ROUND(K86/60,0), "") -> 75 | M86: 4088 | N86: =IF(NOT(ISBLANK(M86)), ROUND(M86/60,0), "") -> 68 | O86: 4247 | P86: =IF(NOT(ISBLANK(O86)), ROUND(O86/60,0), "") -> 71 | Q86: 4039 | R86: =IF(NOT(ISBLANK(Q86)), ROUND(Q86/60,0), "") -> 67 | S86: 3702 | T86: =IF(NOT(ISBLANK(S86)), ROUND(S86/60,0), "") -> 62 | U86: 3962 | V86: =IF(NOT(ISBLANK(U86)), ROUND(U86/60,0), "") -> 66 | W86: 3169 | X86: =IF(NOT(ISBLANK(W86)), ROUND(W86/60,0), "") -> 53 | Z86: 3555 | AA86: =IF(NOT(ISBLANK(Z86)), ROUND(Z86/60,0), "") -> 59 | AC86: 96457 (2x)
A87: 96457 (2x) | B87: 30 | C87: 2938 | D87: =IF(NOT(ISBLANK(C87)), ROUND(C87/60,0), "") -> 49 | E87: 3097 | F87: =IF(NOT(ISBLANK(E87)), ROUND(E87/60,0), "") -> 52 | G87: 3391 | H87: =IF(NOT(ISBLANK(G87)), ROUND(G87/60,0), "") -> 57 | K87: 3410 | L87: =IF(NOT(ISBLANK(K87)), ROUND(K87/60,0), "") -> 57 | M87: 3380 | N87: =IF(NOT(ISBLANK(M87)), ROUND(M87/60,0), "") -> 56 | O87: 3149 | P87: =IF(NOT(ISBLANK(O87)), ROUND(O87/60,0), "") -> 52 | Q87: 3208 | R87: =IF(NOT(ISBLANK(Q87)), ROUND(Q87/60,0), "") -> 53 | S87: 3376 | T87: =IF(NOT(ISBLANK(S87)), ROUND(S87/60,0), "") -> 56 | U87: 2754 | V87: =IF(NOT(ISBLANK(U87)), ROUND(U87/60,0), "") -> 46 | W87: 2528 | X87: =IF(NOT(ISBLANK(W87)), ROUND(W87/60,0), "") -> 42 | Z87: 3076 | AA87: =IF(NOT(ISBLANK(Z87)), ROUND(Z87/60,0), "") -> 51 | AC87: 96457 (2x)
A88: 96457 (2x) | B88: 40 | C88: 3273 | D88: =IF(NOT(ISBLANK(C88)), ROUND(C88/60,0), "") -> 55 | E88: 2449 | F88: =IF(NOT(ISBLANK(E88)), ROUND(E88/60,0), "") -> 41 | G88: 2643 | H88: =IF(NOT(ISBLANK(G88)), ROUND(G88/60,0), "") -> 44 | K88: 2579 | L88: =IF(NOT(ISBLANK(K88)), ROUND(K88/60,0), "") -> 43 | M88: 2803 | N88: =IF(NOT(ISBLANK(M88)), ROUND(M88/60,0), "") -> 47 | O88: 2618 | P88: =IF(NOT(ISBLANK(O88)), ROUND(O88/60,0), "") -> 44 | Q88: 2279 | R88: =IF(NOT(ISBLANK(Q88)), ROUND(Q88/60,0), "") -> 38 | S88: 2651 | T88: =IF(NOT(ISBLANK(S88)), ROUND(S88/60,0), "") -> 44 | U88: 2441 | V88: =IF(NOT(ISBLANK(U88)), ROUND(U88/60,0), "") -> 41 | W88: 2335 | X88: =IF(NOT(ISBLANK(W88)), ROUND(W88/60,0), "") -> 39 | Z88: 2409 | AA88: =IF(NOT(ISBLANK(Z88)), ROUND(Z88/60,0), "") -> 40 | AC88: 96457 (2x)
A89: 96457 (2x) | B89: 50 | C89: 2275 | D89: =IF(NOT(ISBLANK(C89)), ROUND(C89/60,0), "") -> 38 | E89: 2067 | F89: =IF(NOT(ISBLANK(E89)), ROUND(E89/60,0), "") -> 34 | G89: 2263 | H89: =IF(NOT(ISBLANK(G89)), ROUND(G89/60,0), "") -> 38 | K89: 1849 | L89: =IF(NOT(ISBLANK(K89)), ROUND(K89/60,0), "") -> 31 | M89: 2429 | N89: =IF(NOT(ISBLANK(M89)), ROUND(M89/60,0), "") -> 40 | O89: 2835 | P89: =IF(NOT(ISBLANK(O89)), ROUND(O89/60,0), "") -> 47 | Q89: 1797 | R89: =IF(NOT(ISBLANK(Q89)), ROUND(Q89/60,0), "") -> 30 | S89: 2196 | T89: =IF(NOT(ISBLANK(S89)), ROUND(S89/60,0), "") -> 37 | U89: 2213 | V89: =IF(NOT(ISBLANK(U89)), ROUND(U89/60,0), "") -> 37 | W89: 2129 | X89: =IF(NOT(ISBLANK(W89)), ROUND(W89/60,0), "") -> 35 | Z89: 2003 | AA89: =IF(NOT(ISBLANK(Z89)), ROUND(Z89/60,0), "") -> 33 | AC89: 96457 (2x)
A90: 96457 (2x) | B90: 64 | C90: 2348 | D90: =IF(NOT(ISBLANK(C90)), ROUND(C90/60,0), "") -> 39 | E90: 2048 | F90: =IF(NOT(ISBLANK(E90)), ROUND(E90/60,0), "") -> 34 | G90: 1905 | H90: =IF(NOT(ISBLANK(G90)), ROUND(G90/60,0), "") -> 32 | K90: 1996 | L90: =IF(NOT(ISBLANK(K90)), ROUND(K90/60,0), "") -> 33 | M90: 2146 | N90: =IF(NOT(ISBLANK(M90)), ROUND(M90/60,0), "") -> 36 | O90: 1898 | P90: =IF(NOT(ISBLANK(O90)), ROUND(O90/60,0), "") -> 32 | Q90: 1943 | R90: =IF(NOT(ISBLANK(Q90)), ROUND(Q90/60,0), "") -> 32 | S90: 2212 | T90: =IF(NOT(ISBLANK(S90)), ROUND(S90/60,0), "") -> 37 | U90: 2185 | V90: =IF(NOT(ISBLANK(U90)), ROUND(U90/60,0), "") -> 36 | W90: 1698 | X90: =IF(NOT(ISBLANK(W90)), ROUND(W90/60,0), "") -> 28 | Z90: 1720 | AA90: =IF(NOT(ISBLANK(Z90)), ROUND(Z90/60,0), "") -> 29 | AC90: 96457 (2x)
A91: 96457 (2x) | B91: 82 | C91: 1877 | D91: =IF(NOT(ISBLANK(C91)), ROUND(C91/60,0), "") -> 31 | E91: 1657 | F91: =IF(NOT(ISBLANK(E91)), ROUND(E91/60,0), "") -> 28 | G91: 1979 | H91: =IF(NOT(ISBLANK(G91)), ROUND(G91/60,0), "") -> 33 | K91: 1784 | L91: =IF(NOT(ISBLANK(K91)), ROUND(K91/60,0), "") -> 30 | M91: 1775 | N91: =IF(NOT(ISBLANK(M91)), ROUND(M91/60,0), "") -> 30 | O91: 1704 | P91: =IF(NOT(ISBLANK(O91)), ROUND(O91/60,0), "") -> 28 | Q91: 1610 | R91: =IF(NOT(ISBLANK(Q91)), ROUND(Q91/60,0), "") -> 27 | S91: 1741 | T91: =IF(NOT(ISBLANK(S91)), ROUND(S91/60,0), "") -> 29 | U91: 1648 | V91: =IF(NOT(ISBLANK(U91)), ROUND(U91/60,0), "") -> 27 | W91: 1850 | X91: =IF(NOT(ISBLANK(W91)), ROUND(W91/60,0), "") -> 31 | Z91: 1741 | AA91: =IF(NOT(ISBLANK(Z91)), ROUND(Z91/60,0), "") -> 29 | AC91: 96457 (2x)
A92: 96457 (2x) | B92: 100 | C92: 1848 | D92: =IF(NOT(ISBLANK(C92)), ROUND(C92/60,0), "") -> 31 | E92: 1693 | F92: =IF(NOT(ISBLANK(E92)), ROUND(E92/60,0), "") -> 28 | G92: 1639 | H92: =IF(NOT(ISBLANK(G92)), ROUND(G92/60,0), "") -> 27 | K92: 1750 | L92: =IF(NOT(ISBLANK(K92)), ROUND(K92/60,0), "") -> 29 | M92: 1697 | N92: =IF(NOT(ISBLANK(M92)), ROUND(M92/60,0), "") -> 28 | O92: 1822 | P92: =IF(NOT(ISBLANK(O92)), ROUND(O92/60,0), "") -> 30 | Q92: 1939 | R92: =IF(NOT(ISBLANK(Q92)), ROUND(Q92/60,0), "") -> 32 | S92: 1644 | T92: =IF(NOT(ISBLANK(S92)), ROUND(S92/60,0), "") -> 27 | U92: 1991 | V92: =IF(NOT(ISBLANK(U92)), ROUND(U92/60,0), "") -> 33 | X92: =IF(NOT(ISBLANK(W92)), ROUND(W92/60,0), "") | Z92: 1614 | AA92: =IF(NOT(ISBLANK(Z92)), ROUND(Z92/60,0), "") -> 27 | AC92: 96457 (2x)
A93: 96457 (4x) | B93: 5 | D93: =IF(NOT(ISBLANK(C93)), ROUND(C93/60,0), "") | F93: =IF(NOT(ISBLANK(E93)), ROUND(E93/60,0), "") | H93: =IF(NOT(ISBLANK(G93)), ROUND(G93/60,0), "") | L93: =IF(NOT(ISBLANK(K93)), ROUND(K93/60,0), "") | N93: =IF(NOT(ISBLANK(M93)), ROUND(M93/60,0), "") | P93: =IF(NOT(ISBLANK(O93)), ROUND(O93/60,0), "") | R93: =IF(NOT(ISBLANK(Q93)), ROUND(Q93/60,0), "") | T93: =IF(NOT(ISBLANK(S93)), ROUND(S93/60,0), "") | V93: =IF(NOT(ISBLANK(U93)), ROUND(U93/60,0), "") | W93: 28989 | X93: =IF(NOT(ISBLANK(W93)), ROUND(W93/60,0), "") -> 483 | AA93: =IF(NOT(ISBLANK(Z93)), ROUND(Z93/60,0), "") | AC93: 96457 (4x)
A94: 96457 (4x) | B94: 10 | C94: 29281 | D94: =IF(NOT(ISBLANK(C94)), ROUND(C94/60,0), "") -> 488 | E94: 30741 | F94: =IF(NOT(ISBLANK(E94)), ROUND(E94/60,0), "") -> 512 | G94: 24154 | H94: =IF(NOT(ISBLANK(G94)), ROUND(G94/60,0), "") -> 403 | K94: 26928 | L94: =IF(NOT(ISBLANK(K94)), ROUND(K94/60,0), "") -> 449 | N94: =IF(NOT(ISBLANK(M94)), ROUND(M94/60,0), "") | O94: 29283 | P94: =IF(NOT(ISBLANK(O94)), ROUND(O94/60,0), "") -> 488 | Q94: 26928 | R94: =IF(NOT(ISBLANK(Q94)), ROUND(Q94/60,0), "") -> 449 | S94: 43816 | T94: =IF(NOT(ISBLANK(S94)), ROUND(S94/60,0), "") -> 730 | U94: 29380 | V94: =IF(NOT(ISBLANK(U94)), ROUND(U94/60,0), "") -> 490 | W94: 20506 | X94: =IF(NOT(ISBLANK(W94)), ROUND(W94/60,0), "") -> 342 | Z94: 30848 | AA94: =IF(NOT(ISBLANK(Z94)), ROUND(Z94/60,0), "") -> 514 | AC94: 96457 (4x)
A95: 96457 (4x) | B95: 15 | C95: 21915 | D95: =IF(NOT(ISBLANK(C95)), ROUND(C95/60,0), "") -> 365 | E95: 20418 | F95: =IF(NOT(ISBLANK(E95)), ROUND(E95/60,0), "") -> 340 | G95: 20410 | H95: =IF(NOT(ISBLANK(G95)), ROUND(G95/60,0), "") -> 340 | K95: 24198 | L95: =IF(NOT(ISBLANK(K95)), ROUND(K95/60,0), "") -> 403 | M95: 20370 | N95: =IF(NOT(ISBLANK(M95)), ROUND(M95/60,0), "") -> 340 | O95: 20291 | P95: =IF(NOT(ISBLANK(O95)), ROUND(O95/60,0), "") -> 338 | Q95: 23574 | R95: =IF(NOT(ISBLANK(Q95)), ROUND(Q95/60,0), "") -> 393 | S95: 21401 | T95: =IF(NOT(ISBLANK(S95)), ROUND(S95/60,0), "") -> 357 | U95: 22073 | V95: =IF(NOT(ISBLANK(U95)), ROUND(U95/60,0), "") -> 368 | W95: 18117 | X95: =IF(NOT(ISBLANK(W95)), ROUND(W95/60,0), "") -> 302 | Z95: 21420 | AA95: =IF(NOT(ISBLANK(Z95)), ROUND(Z95/60,0), "") -> 357 | AC95: 96457 (4x)
A96: 96457 (4x) | B96: 20 | C96: 16573 | D96: =IF(NOT(ISBLANK(C96)), ROUND(C96/60,0), "") -> 276 | E96: 13979 | F96: =IF(NOT(ISBLANK(E96)), ROUND(E96/60,0), "") -> 233 | G96: 18714 | H96: =IF(NOT(ISBLANK(G96)), ROUND(G96/60,0), "") -> 312 | K96: 16310 | L96: =IF(NOT(ISBLANK(K96)), ROUND(K96/60,0), "") -> 272 | M96: 18689 | N96: =IF(NOT(ISBLANK(M96)), ROUND(M96/60,0), "") -> 311 | O96: 17344 | P96: =IF(NOT(ISBLANK(O96)), ROUND(O96/60,0), "") -> 289 | Q96: 16310 | R96: =IF(NOT(ISBLANK(Q96)), ROUND(Q96/60,0), "") -> 272 | S96: 17751 | T96: =IF(NOT(ISBLANK(S96)), ROUND(S96/60,0), "") -> 296 | U96: 13956 | V96: =IF(NOT(ISBLANK(U96)), ROUND(U96/60,0), "") -> 233 | W96: 12545 | X96: =IF(NOT(ISBLANK(W96)), ROUND(W96/60,0), "") -> 209 | Z96: 16657 | AA96: =IF(NOT(ISBLANK(Z96)), ROUND(Z96/60,0), "") -> 278 | AC96: 96457 (4x)
A97: 96457 (4x) | B97: 30 | C97: 14829 | D97: =IF(NOT(ISBLANK(C97)), ROUND(C97/60,0), "") -> 247 | E97: 13459 | F97: =IF(NOT(ISBLANK(E97)), ROUND(E97/60,0), "") -> 224 | G97: 13613 | H97: =IF(NOT(ISBLANK(G97)), ROUND(G97/60,0), "") -> 227 | K97: 12693 | L97: =IF(NOT(ISBLANK(K97)), ROUND(K97/60,0), "") -> 212 | M97: 13330 | N97: =IF(NOT(ISBLANK(M97)), ROUND(M97/60,0), "") -> 222 | O97: 11979 | P97: =IF(NOT(ISBLANK(O97)), ROUND(O97/60,0), "") -> 200 | Q97: 13066 | R97: =IF(NOT(ISBLANK(Q97)), ROUND(Q97/60,0), "") -> 218 | S97: 13993 | T97: =IF(NOT(ISBLANK(S97)), ROUND(S97/60,0), "") -> 233 | U97: 11728 | V97: =IF(NOT(ISBLANK(U97)), ROUND(U97/60,0), "") -> 195 | W97: 12007 | X97: =IF(NOT(ISBLANK(W97)), ROUND(W97/60,0), "") -> 200 | Z97: 12230 | AA97: =IF(NOT(ISBLANK(Z97)), ROUND(Z97/60,0), "") -> 204 | AC97: 96457 (4x)
A98: 96457 (4x) | B98: 40 | C98: 11240 | D98: =IF(NOT(ISBLANK(C98)), ROUND(C98/60,0), "") -> 187 | E98: 11368 | F98: =IF(NOT(ISBLANK(E98)), ROUND(E98/60,0), "") -> 189 | G98: 11046 | H98: =IF(NOT(ISBLANK(G98)), ROUND(G98/60,0), "") -> 184 | K98: 11408 | L98: =IF(NOT(ISBLANK(K98)), ROUND(K98/60,0), "") -> 190 | M98: 11185 | N98: =IF(NOT(ISBLANK(M98)), ROUND(M98/60,0), "") -> 186 | O98: 10920 | P98: =IF(NOT(ISBLANK(O98)), ROUND(O98/60,0), "") -> 182 | Q98: 9622 | R98: =IF(NOT(ISBLANK(Q98)), ROUND(Q98/60,0), "") -> 160 | S98: 9729 | T98: =IF(NOT(ISBLANK(S98)), ROUND(S98/60,0), "") -> 162 | U98: 12599 | V98: =IF(NOT(ISBLANK(U98)), ROUND(U98/60,0), "") -> 210 | W98: 10979 | X98: =IF(NOT(ISBLANK(W98)), ROUND(W98/60,0), "") -> 183 | Z98: 10615 | AA98: =IF(NOT(ISBLANK(Z98)), ROUND(Z98/60,0), "") -> 177 | AC98: 96457 (4x)
A99: 96457 (4x) | B99: 50 | C99: 10759 | D99: =IF(NOT(ISBLANK(C99)), ROUND(C99/60,0), "") -> 179 | E99: 10894 | F99: =IF(NOT(ISBLANK(E99)), ROUND(E99/60,0), "") -> 182 | G99: 11046 | H99: =IF(NOT(ISBLANK(G99)), ROUND(G99/60,0), "") -> 184 | K99: 9367 | L99: =IF(NOT(ISBLANK(K99)), ROUND(K99/60,0), "") -> 156 | M99: 10290 | N99: =IF(NOT(ISBLANK(M99)), ROUND(M99/60,0), "") -> 172 | O99: 8919 | P99: =IF(NOT(ISBLANK(O99)), ROUND(O99/60,0), "") -> 149 | Q99: 10948 | R99: =IF(NOT(ISBLANK(Q99)), ROUND(Q99/60,0), "") -> 182 | S99: 10068 | T99: =IF(NOT(ISBLANK(S99)), ROUND(S99/60,0), "") -> 168 | U99: 9079 | V99: =IF(NOT(ISBLANK(U99)), ROUND(U99/60,0), "") -> 151 | W99: 8700 | X99: =IF(NOT(ISBLANK(W99)), ROUND(W99/60,0), "") -> 145 | Z99: 9815 | AA99: =IF(NOT(ISBLANK(Z99)), ROUND(Z99/60,0), "") -> 164 | AC99: 96457 (4x)
A100: 96457 (4x) | B100: 64 | C100: 8390 | D100: =IF(NOT(ISBLANK(C100)), ROUND(C100/60,0), "") -> 140 | E100: 7942 | F100: =IF(NOT(ISBLANK(E100)), ROUND(E100/60,0), "") -> 132 | G100: 8688 | H100: =IF(NOT(ISBLANK(G100)), ROUND(G100/60,0), "") -> 145 | K100: 8815 | L100: =IF(NOT(ISBLANK(K100)), ROUND(K100/60,0), "") -> 147 | M100: 8905 | N100: =IF(NOT(ISBLANK(M100)), ROUND(M100/60,0), "") -> 148 | O100: 7746 | P100: =IF(NOT(ISBLANK(O100)), ROUND(O100/60,0), "") -> 129 | Q100: 8815 | R100: =IF(NOT(ISBLANK(Q100)), ROUND(Q100/60,0), "") -> 147 | S100: 8311 | T100: =IF(NOT(ISBLANK(S100)), ROUND(S100/60,0), "") -> 139 | U100: 7681 | V100: =IF(NOT(ISBLANK(U100)), ROUND(U100/60,0), "") -> 128 | W100: 6761 | X100: =IF(NOT(ISBLANK(W100)), ROUND(W100/60,0), "") -> 113 | Z100: 8872 | AA100: =IF(NOT(ISBLANK(Z100)), ROUND(Z100/60,0), "") -> 148 | AC100: 96457 (4x)
...

Sheet Representative
B1: Model | C1: 5 | D1: 10 | E1: 15 | F1: 20 | G1: 30 | H1: 40 | I1: 50 | J1: 64 | K1: 82 | L1: 100 | M1: CV %
B2: 1053374 (25x) | D2: 2056 | E2: 1016 | F2: 755 | G2: 645 | H2: 500 | I2: 405 | J2: 389 | K2: 363 | L2: 278 | M2: =MEDIAN('Statistical Analysis'!AB5:AB13) -> 0.096335743
B3: 41084 (10x) | D3: 1594 | E3: 1115 | F3: 797 | G3: 610 | H3: 487 | I3: 424 | J3: 374 | K3: 328 | L3: 266 | M3: =MEDIAN('Statistical Analysis'!U15:U23) -> 0.091739093
B4: 500094 (10x) | E4: 1746 | F4: 1579 | G4: 1277 | H4: 979 | I4: 707 | J4: 529 | K4: 493 | L4: 440 | M4: =MEDIAN('Statistical Analysis'!U26:U33) -> 0.11873987
B5: 51329 (4x) | D5: 1157 | E5: 833 | F5: 670 | G5: 506 | H5: 405 | I5: 336 | J5: 271 | K5: 235 | L5: 237 | M5: =MEDIAN('Statistical Analysis'!U35:U43) -> 0.035796862
B6: 51329 (5x) | G6: 2195 | H6: 1610 | I6: 1315 | J6: 963 | K6: 903 | L6: 683 | M6: =MEDIAN('Statistical Analysis'!U50:U53) -> 0.080422984
B7: 77951 (5x) | C7: 609 | D7: 570 | E7: 480 | F7: 453 | G7: 321 | H7: 250 | I7: 229 | J7: 333 | K7: 309 | L7: 237 | M7: =MEDIAN('Statistical Analysis'!U56:U63) -> 0.25508742
B8: 78224 (5x) | C8: 717 | D8: 266 | E8: 210 | F8: 150 | G8: 101 | H8: 92 | I8: 79 | J8: 55 | K8: 50 | L8: 43 | M8: =MEDIAN('Statistical Analysis'!U64:U73) -> 0.12028831
B9: 797990 (5x) | C9: 1756 | D9: 1352 | E9: 845 | F9: 762 | G9: 508 | H9: 475 | I9: 346 | J9: 246 | K9: 212 | L9: 185 | M9: =MEDIAN('Statistical Analysis'!U76:U83) -> 0.040914979
B10: 96457 (2x) | C10: 174 | D10: 106 | E10: 83 | F10: 66 | G10: 54 | H10: 47 | I10: 35 | J10: 36 | K10: 30 | L10: 29 | M10: =MEDIAN('Statistical Analysis'!U84:U93) -> 0.070053029
B11: 96457 (4x) | D11: 556 | E11: 375 | F11: 281 | G11: 231 | H11: 180 | I11: 168 | J11: 142 | K11: 138 | L11: 98 | M11: =MEDIAN('Statistical Analysis'!U95:U103) -> 0.062356789
B12: 3DBenchy (50cm) | D12: 2035 | E12: 1552 | F12: 1109 | G12: 781 | H12: 626 | I12: 521 | J12: 442 | K12: 335 | L12: 348 | M12: =MEDIAN('Statistical Analysis'!U107:U112) -> 0.027759236
B13: 3DBenchy (70cm) | H13: 2649 | I13: 1861 | J13: 1786 | K13: 1104 | L13: 915 | M13: =MEDIAN('Statistical Analysis'!U122:U123) -> 0.028997154
B14: Large Building | C14: 774 | D14: 386 | E14: 291 | F14: 220 | G14: 169 | H14: 153 | I14: 112 | J14: 96 | K14: 79 | L14: 68 | M14: =MEDIAN('Statistical Analysis'!U124:U133) -> 0.082687008
B15: Large Building (2x) | D15: 3024 | E15: 1732 | F15: 1276 | G15: 827 | H15: 633 | I15: 512 | J15: 531 | K15: 372 | L15: 341 | M15: =MEDIAN('Statistical Analysis'!U136:U143) -> 0.059327663
B16: Brain Left (4x) | D16: 1394 | E16: 2635 | F16: 1767 | G16: 1455 | H16: 1158 | I16: 882 | J16: 657 | K16: 593 | L16: 463 | M16: =MEDIAN('Statistical Analysis'!U146:U153) -> 0.074541651
B17: Snail (50cm) | D17: 1308 | E17: 1132 | F17: 772 | G17: 616 | H17: 474 | I17: 361 | J17: 292 | K17: 226 | L17: 210 | M17: =MEDIAN('Statistical Analysis'!U155:U163) -> 0.1073087
B18: Stanford Bunny (2x) | D18: =IF(SUM(D6:D8)>0,AVERAGE(D6:D8),"") -> 418 | E18: =IF(SUM(E6:E8)>0,AVERAGE(E6:E8),"") -> 345 | F18: =IF(SUM(F6:F8)>0,AVERAGE(F6:F8),"") -> 301.5 | G18: =IF(SUM(G6:G8)>0,AVERAGE(G6:G8),"") -> 872.33333 | H18: =IF(SUM(H6:H8)>0,AVERAGE(H6:H8),"") -> 650.66667 | I18: =IF(SUM(I6:I8)>0,AVERAGE(I6:I8),"") -> 541 | J18: =IF(SUM(J6:J8)>0,AVERAGE(J6:J8),"") -> 450.33333 | K18: =IF(SUM(K6:K8)>0,AVERAGE(K6:K8),"") -> 420.66667 | L18: =IF(SUM(L6:L8)>0,AVERAGE(L6:L8),"") -> 321 | M18: =MEDIAN('Statistical Analysis'!U166:U173,'Statistical Analysis'!U166:U173) -> 0.072648765
B19: Utah Teapot | D19: 2214 | E19: 1429 | F19: 1078 | G19: 717 | H19: 616 | I19: 501 | J19: 402 | K19: 324 | L19: 285 | M19: =MEDIAN('Statistical Analysis'!U175:U183) -> 0.089200913

Sheet Statistical Analysis
A1: Model | B1: # Printers | C1: Parallel Printing Times (minutes) | O1: Statistical Information
C2: Standard | F2: Symmetry Skip | I2: Reduced Granularity | L2: Samples = 6 | O2: Standard | V2: Symmetry Skip | AD2: Reduced Granularity | AK2: Samples = 6 | AX2: N | AY2: df | AZ2: t*
C3: 632456723 | D3: 102370435 | E3: 914023457 | F3: 632456723 | G3: 102370435 | H3: 914023457 | I3: 632456723 | J3: 102370435 | K3: 914023457 | L3: 632456723 | M3: 102370435 | N3: 914023457 | O3: Mean (μ) | P3: Variance (σ²) | Q3: Std Dev (σ) | R3: ME | S3: 95% CI (low) | T3: 95% CI (high) | U3: CV | V3: Mean (μ) | W3: Variance (σ²) | X3: Std Dev (σ) | Y3: ME | Z3: 95% CI (low) | AA3: 95% CI (high) | AB3: CV | AD3: Mean (μ) | AE3: Variance (σ²) | AF3: Std Dev (σ) | AG3: ME | AH3: 95% CI (low) | AI3: 95% CI (high) | AJ3: CV | AK3: Mean (μ) | AL3: Variance (σ²) | AM3: Std Dev (σ) | AN3: ME | AO3: 95% CI (low) | AP3: 95% CI (high) | AQ3: CV | AX3: 1 | AY3: 0 | AZ3: 0
A4: 1053374 (25x) | B4: 5 | H4: 3422 | O4: =IF(SUM(C4:E4)>0,AVERAGE(C4:E4),"") | P4: =IF(SUM(C4:E4)>0, ( IF(C4>0,(C4-O4)^2,0) + IF(D4>0,(D4-O4)^2,0) + IF(E4>0,(E4-O4)^2,0) ) / COUNT(C4:E4),"") | Q4: =IF(SUM(C4:E4)>0,SQRT(P4),"") | R4: =IF(COUNT(C4:E4)>0,VLOOKUP(COUNT(C4:E4),$AX$2:$AZ$5,3)*(Q4/SQRT(COUNT(C4:E4))),"") | S4: =IF(COUNT(C4:E4)>0,O4-R4,"") | T4: =IF(COUNT(C4:E4)>0,O4+R4,"") | U4: =IF(COUNT(C4:E4)>0,Q4/O4,"") | V4: =IF(SUM(F4:H4)>0,AVERAGE(F4:H4),"") -> 3422 | W4: =IF(SUM(F4:H4)>0, ( IF(F4>0,(F4-V4)^2,0) + IF(G4>0,(G4-V4)^2,0) + IF(H4>0,(H4-V4)^2,0) ) / COUNT(F4:H4),"") -> 0 | X4: =IF(SUM(F4:H4)>0,SQRT(W4),"") -> 0 | Y4: =IF(COUNT(F4:H4)>0,VLOOKUP(COUNT(F4:H4),$AX$2:$AZ$5,3)*(X4/SQRT(COUNT(F4:H4))),"") -> 0 | Z4: =IF(COUNT(F4:H4)>0,V4-Y4,"") -> 3422 | AA4: =IF(COUNT(F4:H4)>0,V4+Y4,"") -> 3422 | AB4: =IF(COUNT(F4:H4)>0,X4/V4,"") -> 0 | AD4: =IF(SUM(I4:K4)>0,AVERAGE(I4:K4),"") | AE4: =IF(SUM(I4:K4)>0, ( IF(I4>0,(I4-AD4)^2,0) + IF(J4>0,(J4-AD4)^2,0) + IF(K4>0,(K4-AD4)^2,0) ) / COUNT(I4:K4),"") | AF4: =IF(SUM(I4:K4)>0,SQRT(AE4),"") | AG4: =IF(COUNT(I4:K4)>0,VLOOKUP(COUNT(I4:K4),$AX$2:$AZ$5,3)*(AF4/SQRT(COUNT(I4:K4))),"") | AH4: =IF(COUNT(I4:K4)>0,AD4-AG4,"") | AI4: =IF(COUNT(I4:K4)>0,AD4+AG4,"") | AJ4: =IF(COUNT(I4:K4)>0,AF4/AD4,"") | AK4: =IF(SUM(L4:N4)>0,AVERAGE(L4:N4),"") | AL4: =IF(SUM(L4:N4)>0, ( IF(L4>0,(L4-AK4)^2,0) + IF(M4>0,(M4-AK4)^2,0) + IF(N4>0,(N4-AK4)^2,0) ) / COUNT(L4:N4),"") | AM4: =IF(SUM(L4:N4)>0,SQRT(AL4),"") | AN4: =IF(COUNT(L4:N4)>0,1.96*(AM4/COUNT(L4:N4)),"") | AO4: =IF(COUNT(L4:N4)>0,AK4-AN4,"") | AP4: =IF(COUNT(L4:N4)>0,AK4+AN4,"") | AQ4: =IF(COUNT(L4:N4)>0,AM4/AK4,"") | AX4: 2 | AY4: 1 | AZ4: 12.706
A5: 1053374 (25x) | B5: 10 | C5: 1949 | D5: 2335 | E5: 1884 | F5: 1530 | G5: 1246 | H5: 1768 | I5: 1868 | J5: 1886 | K5: 1744 | M5: 2335 | N5: 1506 | O5: =IF(SUM(C5:E5)>0,AVERAGE(C5:E5),"") -> 2056 | P5: =IF(SUM(C5:E5)>0, ( IF(C5>0,(C5-O5)^2,0) + IF(D5>0,(D5-O5)^2,0) + IF(E5>0,(E5-O5)^2,0) ) / COUNT(C5:E5),"") -> 39624.667 | Q5: =IF(SUM(C5:E5)>0,SQRT(P5),"") -> 199.05946 | R5: =IF(COUNT(C5:E5)>0,VLOOKUP(COUNT(C5:E5),$AX$2:$AZ$5,3)*(Q5/SQRT(COUNT(C5:E5))),"") -> 494.53101 | S5: =IF(COUNT(C5:E5)>0,O5-R5,"") -> 1561.469 | T5: =IF(COUNT(C5:E5)>0,O5+R5,"") -> 2550.531 | U5: =IF(COUNT(C5:E5)>0,Q5/O5,"") -> 0.096818801 | V5: =IF(SUM(F5:H5)>0,AVERAGE(F5:H5),"") -> 1514.6667 | W5: =IF(SUM(F5:H5)>0, ( IF(F5>0,(F5-V5)^2,0) + IF(G5>0,(G5-V5)^2,0) + IF(H5>0,(H5-V5)^2,0) ) / COUNT(F5:H5),"") -> 45531.556 | X5: =IF(SUM(F5:H5)>0,SQRT(W5),"") -> 213.38124 | Y5: =IF(COUNT(F5:H5)>0,VLOOKUP(COUNT(F5:H5),$AX$2:$AZ$5,3)*(X5/SQRT(COUNT(F5:H5))),"") -> 530.11118 | Z5: =IF(COUNT(F5:H5)>0,V5-Y5,"") -> 984.55549 | AA5: =IF(COUNT(F5:H5)>0,V5+Y5,"") -> 2044.7778 | AB5: =IF(COUNT(F5:H5)>0,X5/V5,"") -> 0.1408767 | AD5: =IF(SUM(I5:K5)>0,AVERAGE(I5:K5),"") -> 1832.6667 | AE5: =IF(SUM(I5:K5)>0, ( IF(I5>0,(I5-AD5)^2,0) + IF(J5>0,(J5-AD5)^2,0) + IF(K5>0,(K5-AD5)^2,0) ) / COUNT(I5:K5),"") -> 3984.8889 | AF5: =IF(SUM(I5:K5)>0,SQRT(AE5),"") -> 63.125976 | AG5: =IF(COUNT(I5:K5)>0,VLOOKUP(COUNT(I5:K5),$AX$2:$AZ$5,3)*(AF5/SQRT(COUNT(I5:K5))),"") -> 156.82627 | AH5: =IF(COUNT(I5:K5)>0,AD5-AG5,"") -> 1675.8404 | AI5: =IF(COUNT(I5:K5)>0,AD5+AG5,"") -> 1989.4929 | AJ5: =IF(COUNT(I5:K5)>0,AF5/AD5,"") -> 0.034444876 | AK5: =IF(SUM(L5:N5)>0,AVERAGE(L5:N5),"") -> 1920.5 | AL5: =IF(SUM(L5:N5)>0, ( IF(L5>0,(L5-AK5)^2,0) + IF(M5>0,(M5-AK5)^2,0) + IF(N5>0,(N5-AK5)^2,0) ) / COUNT(L5:N5),"") -> 171810.25 | AM5: =IF(SUM(L5:N5)>0,SQRT(AL5),"") -> 414.5 | AN5: =IF(COUNT(L5:N5)>0,VLOOKUP(COUNT(L5:N5),$AX$2:$AZ$5,3)*(AM5/SQRT(COUNT(L5:N5))),"") -> 3724.0747 | AO5: =IF(COUNT(L5:N5)>0,AK5-AN5,"") -> -1803.5747 | AP5: =IF(COUNT(L5:N5)>0,AK5+AN5,"") -> 5644.5747 | AQ5: =IF(COUNT(L5:N5)>0,AM5/AK5,"") -> 0.21582921 | AX5: 3 | AY5: 2 | AZ5: 4.303
A6: 1053374 (25x) | B6: 15 | C6: 976 | D6: 1058 | E6: 1014 | F6: 1122 | G6: 989 | H6: 1001 | I6: 1312 | J6: 955 | K6: 995 | M6: 1146 | N6: 992 | O6: =IF(SUM(C6:E6)>0,AVERAGE(C6:E6),"") -> 1016 | P6: =IF(SUM(C6:E6)>0, ( IF(C6>0,(C6-O6)^2,0) + IF(D6>0,(D6-O6)^2,0) + IF(E6>0,(E6-O6)^2,0) ) / COUNT(C6:E6),"") -> 1122.6667 | Q6: =IF(SUM(C6:E6)>0,SQRT(P6),"") -> 33.506218 | R6: =IF(COUNT(C6:E6)>0,VLOOKUP(COUNT(C6:E6),$AX$2:$AZ$5,3)*(Q6/SQRT(COUNT(C6:E6))),"") -> 83.240778 | S6: =IF(COUNT(C6:E6)>0,O6-R6,"") -> 932.75922 | T6: =IF(COUNT(C6:E6)>0,O6+R6,"") -> 1099.2408 | U6: =IF(COUNT(C6:E6)>0,Q6/O6,"") -> 0.032978561 | V6: =IF(SUM(F6:H6)>0,AVERAGE(F6:H6),"") -> 1037.3333 | W6: =IF(SUM(F6:H6)>0, ( IF(F6>0,(F6-V6)^2,0) + IF(G6>0,(G6-V6)^2,0) + IF(H6>0,(H6-V6)^2,0) ) / COUNT(F6:H6),"") -> 3608.2222 | X6: =IF(SUM(F6:H6)>0,SQRT(W6),"") -> 60.068479 | Y6: =IF(COUNT(F6:H6)>0,VLOOKUP(COUNT(F6:H6),$AX$2:$AZ$5,3)*(X6/SQRT(COUNT(F6:H6))),"") -> 149.23042 | Z6: =IF(COUNT(F6:H6)>0,V6-Y6,"") -> 888.10291 | AA6: =IF(COUNT(F6:H6)>0,V6+Y6,"") -> 1186.5638 | AB6: =IF(COUNT(F6:H6)>0,X6/V6,"") -> 0.057906632 | AD6: =IF(SUM(I6:K6)>0,AVERAGE(I6:K6),"") -> 1087.3333 | AE6: =IF(SUM(I6:K6)>0, ( IF(I6>0,(I6-AD6)^2,0) + IF(J6>0,(J6-AD6)^2,0) + IF(K6>0,(K6-AD6)^2,0) ) / COUNT(I6:K6),"") -> 25504.222 | AF6: =IF(SUM(I6:K6)>0,SQRT(AE6),"") -> 159.70041 | AG6: =IF(COUNT(I6:K6)>0,VLOOKUP(COUNT(I6:K6),$AX$2:$AZ$5,3)*(AF6/SQRT(COUNT(I6:K6))),"") -> 396.74984 | AH6: =IF(COUNT(I6:K6)>0,AD6-AG6,"") -> 690.58349 | AI6: =IF(COUNT(I6:K6)>0,AD6+AG6,"") -> 1484.0832 | AJ6: =IF(COUNT(I6:K6)>0,AF6/AD6,"") -> 0.14687346 | AK6: =IF(SUM(L6:N6)>0,AVERAGE(L6:N6),"") -> 1069 | AL6: =IF(SUM(L6:N6)>0, ( IF(L6>0,(L6-AK6)^2,0) + IF(M6>0,(M6-AK6)^2,0) + IF(N6>0,(N6-AK6)^2,0) ) / COUNT(L6:N6),"") -> 5929 | AM6: =IF(SUM(L6:N6)>0,SQRT(AL6),"") -> 77 | AN6: =IF(COUNT(L6:N6)>0,VLOOKUP(COUNT(L6:N6),$AX$2:$AZ$5,3)*(AM6/SQRT(COUNT(L6:N6))),"") -> 691.8064 | AO6: =IF(COUNT(L6:N6)>0,AK6-AN6,"") -> 377.1936 | AP6: =IF(COUNT(L6:N6)>0,AK6+AN6,"") -> 1760.8064 | AQ6: =IF(COUNT(L6:N6)>0,AM6/AK6,"") -> 0.072029935
A7: 1053374 (25x) | B7: 20 | C7: 854 | D7: 703 | E7: 708 | F7: 695 | G7: 742 | H7: 760 | I7: 837 | J7: 863 | K7: 594 | M7: 703 | N7: 708 | O7: =IF(SUM(C7:E7)>0,AVERAGE(C7:E7),"") -> 755 | P7: =IF(SUM(C7:E7)>0, ( IF(C7>0,(C7-O7)^2,0) + IF(D7>0,(D7-O7)^2,0) + IF(E7>0,(E7-O7)^2,0) ) / COUNT(C7:E7),"") -> 4904.6667 | Q7: =IF(SUM(C7:E7)>0,SQRT(P7),"") -> 70.033325 | R7: =IF(COUNT(C7:E7)>0,VLOOKUP(COUNT(C7:E7),$AX$2:$AZ$5,3)*(Q7/SQRT(COUNT(C7:E7))),"") -> 173.98647 | S7: =IF(COUNT(C7:E7)>0,O7-R7,"") -> 581.01353 | T7: =IF(COUNT(C7:E7)>0,O7+R7,"") -> 928.98647 | U7: =IF(COUNT(C7:E7)>0,Q7/O7,"") -> 0.092759371 | V7: =IF(SUM(F7:H7)>0,AVERAGE(F7:H7),"") -> 732.33333 | W7: =IF(SUM(F7:H7)>0, ( IF(F7>0,(F7-V7)^2,0) + IF(G7>0,(G7-V7)^2,0) + IF(H7>0,(H7-V7)^2,0) ) / COUNT(F7:H7),"") -> 750.88889 | X7: =IF(SUM(F7:H7)>0,SQRT(W7),"") -> 27.402352 | Y7: =IF(COUNT(F7:H7)>0,VLOOKUP(COUNT(F7:H7),$AX$2:$AZ$5,3)*(X7/SQRT(COUNT(F7:H7))),"") -> 68.07671 | Z7: =IF(COUNT(F7:H7)>0,V7-Y7,"") -> 664.25662 | AA7: =IF(COUNT(F7:H7)>0,V7+Y7,"") -> 800.41004 | AB7: =IF(COUNT(F7:H7)>0,X7/V7,"") -> 0.037417868 | AD7: =IF(SUM(I7:K7)>0,AVERAGE(I7:K7),"") -> 764.66667 | AE7: =IF(SUM(I7:K7)>0, ( IF(I7>0,(I7-AD7)^2,0) + IF(J7>0,(J7-AD7)^2,0) + IF(K7>0,(K7-AD7)^2,0) ) / COUNT(I7:K7),"") -> 14676.222 | AF7: =IF(SUM(I7:K7)>0,SQRT(AE7),"") -> 121.14546 | AG7: =IF(COUNT(I7:K7)>0,VLOOKUP(COUNT(I7:K7),$AX$2:$AZ$5,3)*(AF7/SQRT(COUNT(I7:K7))),"") -> 300.96629 | AH7: =IF(COUNT(I7:K7)>0,AD7-AG7,"") -> 463.70037 | AI7: =IF(COUNT(I7:K7)>0,AD7+AG7,"") -> 1065.633 | AJ7: =IF(COUNT(I7:K7)>0,AF7/AD7,"") -> 0.15842911 | AK7: =IF(SUM(L7:N7)>0,AVERAGE(L7:N7),"") -> 705.5 | AL7: =IF(SUM(L7:N7)>0, ( IF(L7>0,(L7-AK7)^2,0) + IF(M7>0,(M7-AK7)^2,0) + IF(N7>0,(N7-AK7)^2,0) ) / COUNT(L7:N7),"") -> 6.25 | AM7: =IF(SUM(L7:N7)>0,SQRT(AL7),"") -> 2.5 | AN7: =IF(COUNT(L7:N7)>0,VLOOKUP(COUNT(L7:N7),$AX$2:$AZ$5,3)*(AM7/SQRT(COUNT(L7:N7))),"") -> 22.461247 | AO7: =IF(COUNT(L7:N7)>0,AK7-AN7,"") -> 683.03875 | AP7: =IF(COUNT(L7:N7)>0,AK7+AN7,"") -> 727.96125 | AQ7: =IF(COUNT(L7:N7)>0,AM7/AK7,"") -> 0.0035435861
A8: 1053374 (25x) | B8: 30 | C8: 767 | D8: 579 | E8: 588 | F8: 723 | G8: 509 | H8: 502 | I8: 540 | J8: 588 | K8: 479 | M8: 579 | N8: 535 | O8: =IF(SUM(C8:E8)>0,AVERAGE(C8:E8),"") -> 644.66667 | P8: =IF(SUM(C8:E8)>0, ( IF(C8>0,(C8-O8)^2,0) + IF(D8>0,(D8-O8)^2,0) + IF(E8>0,(E8-O8)^2,0) ) / COUNT(C8:E8),"") -> 7496.2222 | Q8: =IF(SUM(C8:E8)>0,SQRT(P8),"") -> 86.580727 | R8: =IF(COUNT(C8:E8)>0,VLOOKUP(COUNT(C8:E8),$AX$2:$AZ$5,3)*(Q8/SQRT(COUNT(C8:E8))),"") -> 215.09581 | S8: =IF(COUNT(C8:E8)>0,O8-R8,"") -> 429.57086 | T8: =IF(COUNT(C8:E8)>0,O8+R8,"") -> 859.76247 | U8: =IF(COUNT(C8:E8)>0,Q8/O8,"") -> 0.13430309 | V8: =IF(SUM(F8:H8)>0,AVERAGE(F8:H8),"") -> 578 | W8: =IF(SUM(F8:H8)>0, ( IF(F8>0,(F8-V8)^2,0) + IF(G8>0,(G8-V8)^2,0) + IF(H8>0,(H8-V8)^2,0) ) / COUNT(F8:H8),"") -> 10520.667 | X8: =IF(SUM(F8:H8)>0,SQRT(W8),"") -> 102.5703 | Y8: =IF(COUNT(F8:H8)>0,VLOOKUP(COUNT(F8:H8),$AX$2:$AZ$5,3)*(X8/SQRT(COUNT(F8:H8))),"") -> 254.81932 | Z8: =IF(COUNT(F8:H8)>0,V8-Y8,"") -> 323.18068 | AA8: =IF(COUNT(F8:H8)>0,V8+Y8,"") -> 832.81932 | AB8: =IF(COUNT(F8:H8)>0,X8/V8,"") -> 0.17745727 | AD8: =IF(SUM(I8:K8)>0,AVERAGE(I8:K8),"") -> 535.66667 | AE8: =IF(SUM(I8:K8)>0, ( IF(I8>0,(I8-AD8)^2,0) + IF(J8>0,(J8-AD8)^2,0) + IF(K8>0,(K8-AD8)^2,0) ) / COUNT(I8:K8),"") -> 1989.5556 | AF8: =IF(SUM(I8:K8)>0,SQRT(AE8),"") -> 44.604434 | AG8: =IF(COUNT(I8:K8)>0,VLOOKUP(COUNT(I8:K8),$AX$2:$AZ$5,3)*(AF8/SQRT(COUNT(I8:K8))),"") -> 110.8125 | AH8: =IF(COUNT(I8:K8)>0,AD8-AG8,"") -> 424.85417 | AI8: =IF(COUNT(I8:K8)>0,AD8+AG8,"") -> 646.47917 | AJ8: =IF(COUNT(I8:K8)>0,AF8/AD8,"") -> 0.083269012 | AK8: =IF(SUM(L8:N8)>0,AVERAGE(L8:N8),"") -> 557 | AL8: =IF(SUM(L8:N8)>0, ( IF(L8>0,(L8-AK8)^2,0) + IF(M8>0,(M8-AK8)^2,0) + IF(N8>0,(N8-AK8)^2,0) ) / COUNT(L8:N8),"") -> 484 | AM8: =IF(SUM(L8:N8)>0,SQRT(AL8),"") -> 22 | AN8: =IF(COUNT(L8:N8)>0,VLOOKUP(COUNT(L8:N8),$AX$2:$AZ$5,3)*(AM8/SQRT(COUNT(L8:N8))),"") -> 197.65897 | AO8: =IF(COUNT(L8:N8)>0,AK8-AN8,"") -> 359.34103 | AP8: =IF(COUNT(L8:N8)>0,AK8+AN8,"") -> 754.65897 | AQ8: =IF(COUNT(L8:N8)>0,AM8/AK8,"") -> 0.039497307
A9: 1053374 (25x) | B9: 40 | C9: 481 | D9: 550 | E9: 469 | F9: 507 | G9: 462 | H9: 399 | I9: 435 | J9: 453 | K9: 404 | M9: 561 | N9: 469 | O9: =IF(SUM(C9:E9)>0,AVERAGE(C9:E9),"") -> 500 | P9: =IF(SUM(C9:E9)>0, ( IF(C9>0,(C9-O9)^2,0) + IF(D9>0,(D9-O9)^2,0) + IF(E9>0,(E9-O9)^2,0) ) / COUNT(C9:E9),"") -> 1274 | Q9: =IF(SUM(C9:E9)>0,SQRT(P9),"") -> 35.693137 | R9: =IF(COUNT(C9:E9)>0,VLOOKUP(COUNT(C9:E9),$AX$2:$AZ$5,3)*(Q9/SQRT(COUNT(C9:E9))),"") -> 88.673823 | S9: =IF(COUNT(C9:E9)>0,O9-R9,"") -> 411.32618 | T9: =IF(COUNT(C9:E9)>0,O9+R9,"") -> 588.67382 | U9: =IF(COUNT(C9:E9)>0,Q9/O9,"") -> 0.071386273 | V9: =IF(SUM(F9:H9)>0,AVERAGE(F9:H9),"") -> 456 | W9: =IF(SUM(F9:H9)>0, ( IF(F9>0,(F9-V9)^2,0) + IF(G9>0,(G9-V9)^2,0) + IF(H9>0,(H9-V9)^2,0) ) / COUNT(F9:H9),"") -> 1962 | X9: =IF(SUM(F9:H9)>0,SQRT(W9),"") -> 44.294469 | Y9: =IF(COUNT(F9:H9)>0,VLOOKUP(COUNT(F9:H9),$AX$2:$AZ$5,3)*(X9/SQRT(COUNT(F9:H9))),"") -> 110.04244 | Z9: =IF(COUNT(F9:H9)>0,V9-Y9,"") -> 345.95756 | AA9: =IF(COUNT(F9:H9)>0,V9+Y9,"") -> 566.04244 | AB9: =IF(COUNT(F9:H9)>0,X9/V9,"") -> 0.097136994 | AD9: =IF(SUM(I9:K9)>0,AVERAGE(I9:K9),"") -> 430.66667 | AE9: =IF(SUM(I9:K9)>0, ( IF(I9>0,(I9-AD9)^2,0) + IF(J9>0,(J9-AD9)^2,0) + IF(K9>0,(K9-AD9)^2,0) ) / COUNT(I9:K9),"") -> 409.55556 | AF9: =IF(SUM(I9:K9)>0,SQRT(AE9),"") -> 20.237479 | AG9: =IF(COUNT(I9:K9)>0,VLOOKUP(COUNT(I9:K9),$AX$2:$AZ$5,3)*(AF9/SQRT(COUNT(I9:K9))),"") -> 50.276742 | AH9: =IF(COUNT(I9:K9)>0,AD9-AG9,"") -> 380.38992 | AI9: =IF(COUNT(I9:K9)>0,AD9+AG9,"") -> 480.94341 | AJ9: =IF(COUNT(I9:K9)>0,AF9/AD9,"") -> 0.04699105 | AK9: =IF(SUM(L9:N9)>0,AVERAGE(L9:N9),"") -> 515 | AL9: =IF(SUM(L9:N9)>0, ( IF(L9>0,(L9-AK9)^2,0) + IF(M9>0,(M9-AK9)^2,0) + IF(N9>0,(N9-AK9)^2,0) ) / COUNT(L9:N9),"") -> 2116 | AM9: =IF(SUM(L9:N9)>0,SQRT(AL9),"") -> 46 | AN9: =IF(COUNT(L9:N9)>0,VLOOKUP(COUNT(L9:N9),$AX$2:$AZ$5,3)*(AM9/SQRT(COUNT(L9:N9))),"") -> 413.28694 | AO9: =IF(COUNT(L9:N9)>0,AK9-AN9,"") -> 101.71306 | AP9: =IF(COUNT(L9:N9)>0,AK9+AN9,"") -> 928.28694 | AQ9: =IF(COUNT(L9:N9)>0,AM9/AK9,"") -> 0.089320388
A10: 1053374 (25x) | B10: 50 | C10: 423 | D10: 432 | E10: 361 | F10: 476 | G10: 405 | H10: 386 | I10: 380 | J10: 406 | K10: 318 | M10: 464 | N10: 370 | O10: =IF(SUM(C10:E10)>0,AVERAGE(C10:E10),"") -> 405.33333 | P10: =IF(SUM(C10:E10)>0, ( IF(C10>0,(C10-O10)^2,0) + IF(D10>0,(D10-O10)^2,0) + IF(E10>0,(E10-O10)^2,0) ) / COUNT(C10:E10),"") -> 996.22222 | Q10: =IF(SUM(C10:E10)>0,SQRT(P10),"") -> 31.562988 | R10: =IF(COUNT(C10:E10)>0,VLOOKUP(COUNT(C10:E10),$AX$2:$AZ$5,3)*(Q10/SQRT(COUNT(C10:E10))),"") -> 78.413137 | S10: =IF(COUNT(C10:E10)>0,O10-R10,"") -> 326.9202 | T10: =IF(COUNT(C10:E10)>0,O10+R10,"") -> 483.74647 | U10: =IF(COUNT(C10:E10)>0,Q10/O10,"") -> 0.077869214 | V10: =IF(SUM(F10:H10)>0,AVERAGE(F10:H10),"") -> 422.33333 | W10: =IF(SUM(F10:H10)>0, ( IF(F10>0,(F10-V10)^2,0) + IF(G10>0,(G10-V10)^2,0) + IF(H10>0,(H10-V10)^2,0) ) / COUNT(F10:H10),"") -> 1500.2222 | X10: =IF(SUM(F10:H10)>0,SQRT(W10),"") -> 38.732702 | Y10: =IF(COUNT(F10:H10)>0,VLOOKUP(COUNT(F10:H10),$AX$2:$AZ$5,3)*(X10/SQRT(COUNT(F10:H10))),"") -> 96.225132 | Z10: =IF(COUNT(F10:H10)>0,V10-Y10,"") -> 326.1082 | AA10: =IF(COUNT(F10:H10)>0,V10+Y10,"") -> 518.55847 | AB10: =IF(COUNT(F10:H10)>0,X10/V10,"") -> 0.091711213 | AD10: =IF(SUM(I10:K10)>0,AVERAGE(I10:K10),"") -> 368 | AE10: =IF(SUM(I10:K10)>0, ( IF(I10>0,(I10-AD10)^2,0) + IF(J10>0,(J10-AD10)^2,0) + IF(K10>0,(K10-AD10)^2,0) ) / COUNT(I10:K10),"") -> 1362.6667 | AF10: =IF(SUM(I10:K10)>0,SQRT(AE10),"") -> 36.914315 | AG10: =IF(COUNT(I10:K10)>0,VLOOKUP(COUNT(I10:K10),$AX$2:$AZ$5,3)*(AF10/SQRT(COUNT(I10:K10))),"") -> 91.707644 | AH10: =IF(COUNT(I10:K10)>0,AD10-AG10,"") -> 276.29236 | AI10: =IF(COUNT(I10:K10)>0,AD10+AG10,"") -> 459.70764 | AJ10: =IF(COUNT(I10:K10)>0,AF10/AD10,"") -> 0.10031064 | AK10: =IF(SUM(L10:N10)>0,AVERAGE(L10:N10),"") -> 417 | AL10: =IF(SUM(L10:N10)>0, ( IF(L10>0,(L10-AK10)^2,0) + IF(M10>0,(M10-AK10)^2,0) + IF(N10>0,(N10-AK10)^2,0) ) / COUNT(L10:N10),"") -> 2209 | AM10: =IF(SUM(L10:N10)>0,SQRT(AL10),"") -> 47 | AN10: =IF(COUNT(L10:N10)>0,VLOOKUP(COUNT(L10:N10),$AX$2:$AZ$5,3)*(AM10/SQRT(COUNT(L10:N10))),"") -> 422.27144 | AO10: =IF(COUNT(L10:N10)>0,AK10-AN10,"") -> -5.2714418 | AP10: =IF(COUNT(L10:N10)>0,AK10+AN10,"") -> 839.27144 | AQ10: =IF(COUNT(L10:N10)>0,AM10/AK10,"") -> 0.11270983
A11: 1053374 (25x) | B11: 64 | C11: 393 | D11: 383 | E11: 390 | F11: 355 | G11: 331 | H11: 336 | I11: 357 | J11: 455 | K11: 291 | M11: 356 | N11: 315 | O11: =IF(SUM(C11:E11)>0,AVERAGE(C11:E11),"") -> 388.66667 | P11: =IF(SUM(C11:E11)>0, ( IF(C11>0,(C11-O11)^2,0) + IF(D11>0,(D11-O11)^2,0) + IF(E11>0,(E11-O11)^2,0) ) / COUNT(C11:E11),"") -> 17.555556 | Q11: =IF(SUM(C11:E11)>0,SQRT(P11),"") -> 4.189935 | R11: =IF(COUNT(C11:E11)>0,VLOOKUP(COUNT(C11:E11),$AX$2:$AZ$5,3)*(Q11/SQRT(COUNT(C11:E11))),"") -> 10.409216 | S11: =IF(COUNT(C11:E11)>0,O11-R11,"") -> 378.25745 | T11: =IF(COUNT(C11:E11)>0,O11+R11,"") -> 399.07588 | U11: =IF(COUNT(C11:E11)>0,Q11/O11,"") -> 0.010780279 | V11: =IF(SUM(F11:H11)>0,AVERAGE(F11:H11),"") -> 340.66667 | W11: =IF(SUM(F11:H11)>0, ( IF(F11>0,(F11-V11)^2,0) + IF(G11>0,(G11-V11)^2,0) + IF(H11>0,(H11-V11)^2,0) ) / COUNT(F11:H11),"") -> 106.88889 | X11: =IF(SUM(F11:H11)>0,SQRT(W11),"") -> 10.338708 | Y11: =IF(COUNT(F11:H11)>0,VLOOKUP(COUNT(F11:H11),$AX$2:$AZ$5,3)*(X11/SQRT(COUNT(F11:H11))),"") -> 25.684848 | Z11: =IF(COUNT(F11:H11)>0,V11-Y11,"") -> 314.98182 | AA11: =IF(COUNT(F11:H11)>0,V11+Y11,"") -> 366.35151 | AB11: =IF(COUNT(F11:H11)>0,X11/V11,"") -> 0.030348459 | AD11: =IF(SUM(I11:K11)>0,AVERAGE(I11:K11),"") -> 367.66667 | AE11: =IF(SUM(I11:K11)>0, ( IF(I11>0,(I11-AD11)^2,0) + IF(J11>0,(J11-AD11)^2,0) + IF(K11>0,(K11-AD11)^2,0) ) / COUNT(I11:K11),"") -> 4539.5556 | AF11: =IF(SUM(I11:K11)>0,SQRT(AE11),"") -> 67.376224 | AG11: =IF(COUNT(I11:K11)>0,VLOOKUP(COUNT(I11:K11),$AX$2:$AZ$5,3)*(AF11/SQRT(COUNT(I11:K11))),"") -> 167.38533 | AH11: =IF(COUNT(I11:K11)>0,AD11-AG11,"") -> 200.28134 | AI11: =IF(COUNT(I11:K11)>0,AD11+AG11,"") -> 535.05199 | AJ11: =IF(COUNT(I11:K11)>0,AF11/AD11,"") -> 0.18325356 | AK11: =IF(SUM(L11:N11)>0,AVERAGE(L11:N11),"") -> 335.5 | AL11: =IF(SUM(L11:N11)>0, ( IF(L11>0,(L11-AK11)^2,0) + IF(M11>0,(M11-AK11)^2,0) + IF(N11>0,(N11-AK11)^2,0) ) / COUNT(L11:N11),"") -> 420.25 | AM11: =IF(SUM(L11:N11)>0,SQRT(AL11),"") -> 20.5 | AN11: =IF(COUNT(L11:N11)>0,VLOOKUP(COUNT(L11:N11),$AX$2:$AZ$5,3)*(AM11/SQRT(COUNT(L11:N11))),"") -> 184.18222 | AO11: =IF(COUNT(L11:N11)>0,AK11-AN11,"") -> 151.31778 | AP11: =IF(COUNT(L11:N11)>0,AK11+AN11,"") -> 519.68222 | AQ11: =IF(COUNT(L11:N11)>0,AM11/AK11,"") -> 0.061102832
A12: 1053374 (25x) | B12: 82 | C12: 347 | D12: 392 | E12: 351 | F12: 345 | G12: 277 | H12: 291 | I12: 299 | J12: 294 | K12: 284 | M12: 358 | N12: 321 | O12: =IF(SUM(C12:E12)>0,AVERAGE(C12:E12),"") -> 363.33333 | P12: =IF(SUM(C12:E12)>0, ( IF(C12>0,(C12-O12)^2,0) + IF(D12>0,(D12-O12)^2,0) + IF(E12>0,(E12-O12)^2,0) ) / COUNT(C12:E12),"") -> 413.55556 | Q12: =IF(SUM(C12:E12)>0,SQRT(P12),"") -> 20.336065 | R12: =IF(COUNT(C12:E12)>0,VLOOKUP(COUNT(C12:E12),$AX$2:$AZ$5,3)*(Q12/SQRT(COUNT(C12:E12))),"") -> 50.521664 | S12: =IF(COUNT(C12:E12)>0,O12-R12,"") -> 312.81167 | T12: =IF(COUNT(C12:E12)>0,O12+R12,"") -> 413.855 | U12: =IF(COUNT(C12:E12)>0,Q12/O12,"") -> 0.055970822 | V12: =IF(SUM(F12:H12)>0,AVERAGE(F12:H12),"") -> 304.33333 | W12: =IF(SUM(F12:H12)>0, ( IF(F12>0,(F12-V12)^2,0) + IF(G12>0,(G12-V12)^2,0) + IF(H12>0,(H12-V12)^2,0) ) / COUNT(F12:H12),"") -> 859.55556 | X12: =IF(SUM(F12:H12)>0,SQRT(W12),"") -> 29.318178 | Y12: =IF(COUNT(F12:H12)>0,VLOOKUP(COUNT(F12:H12),$AX$2:$AZ$5,3)*(X12/SQRT(COUNT(F12:H12))),"") -> 72.83627 | Z12: =IF(COUNT(F12:H12)>0,V12-Y12,"") -> 231.49706 | AA12: =IF(COUNT(F12:H12)>0,V12+Y12,"") -> 377.1696 | AB12: =IF(COUNT(F12:H12)>0,X12/V12,"") -> 0.096335743 | AD12: =IF(SUM(I12:K12)>0,AVERAGE(I12:K12),"") -> 292.33333 | AE12: =IF(SUM(I12:K12)>0, ( IF(I12>0,(I12-AD12)^2,0) + IF(J12>0,(J12-AD12)^2,0) + IF(K12>0,(K12-AD12)^2,0) ) / COUNT(I12:K12),"") -> 38.888889 | AF12: =IF(SUM(I12:K12)>0,SQRT(AE12),"") -> 6.2360956 | AG12: =IF(COUNT(I12:K12)>0,VLOOKUP(COUNT(I12:K12),$AX$2:$AZ$5,3)*(AF12/SQRT(COUNT(I12:K12))),"") -> 15.492571 | AH12: =IF(COUNT(I12:K12)>0,AD12-AG12,"") -> 276.84076 | AI12: =IF(COUNT(I12:K12)>0,AD12+AG12,"") -> 307.8259 | AJ12: =IF(COUNT(I12:K12)>0,AF12/AD12,"") -> 0.02133214 | AK12: =IF(SUM(L12:N12)>0,AVERAGE(L12:N12),"") -> 339.5 | AL12: =IF(SUM(L12:N12)>0, ( IF(L12>0,(L12-AK12)^2,0) + IF(M12>0,(M12-AK12)^2,0) + IF(N12>0,(N12-AK12)^2,0) ) / COUNT(L12:N12),"") -> 342.25 | AM12: =IF(SUM(L12:N12)>0,SQRT(AL12),"") -> 18.5 | AN12: =IF(COUNT(L12:N12)>0,VLOOKUP(COUNT(L12:N12),$AX$2:$AZ$5,3)*(AM12/SQRT(COUNT(L12:N12))),"") -> 166.21323 | AO12: =IF(COUNT(L12:N12)>0,AK12-AN12,"") -> 173.28677 | AP12: =IF(COUNT(L12:N12)>0,AK12+AN12,"") -> 505.71323 | AQ12: =IF(COUNT(L12:N12)>0,AM12/AK12,"") -> 0.0544919
A13: 1053374 (25x) | B13: 100 | C13: 266 | D13: 280 | E13: 289 | F13: 258 | G13: 313 | H13: 231 | I13: 279 | M13: 270 | N13: 279 | O13: =IF(SUM(C13:E13)>0,AVERAGE(C13:E13),"") -> 278.33333 | P13: =IF(SUM(C13:E13)>0, ( IF(C13>0,(C13-O13)^2,0) + IF(D13>0,(D13-O13)^2,0) + IF(E13>0,(E13-O13)^2,0) ) / COUNT(C13:E13),"") -> 89.555556 | Q13: =IF(SUM(C13:E13)>0,SQRT(P13),"") -> 9.4633797 | R13: =IF(COUNT(C13:E13)>0,VLOOKUP(COUNT(C13:E13),$AX$2:$AZ$5,3)*(Q13/SQRT(COUNT(C13:E13))),"") -> 23.510236 | S13: =IF(COUNT(C13:E13)>0,O13-R13,"") -> 254.8231 | T13: =IF(COUNT(C13:E13)>0,O13+R13,"") -> 301.84357 | U13: =IF(COUNT(C13:E13)>0,Q13/O13,"") -> 0.034000167 | V13: =IF(SUM(F13:H13)>0,AVERAGE(F13:H13),"") -> 267.33333 | W13: =IF(SUM(F13:H13)>0, ( IF(F13>0,(F13-V13)^2,0) + IF(G13>0,(G13-V13)^2,0) + IF(H13>0,(H13-V13)^2,0) ) / COUNT(F13:H13),"") -> 1164.2222 | X13: =IF(SUM(F13:H13)>0,SQRT(W13),"") -> 34.120701 | Y13: =IF(COUNT(F13:H13)>0,VLOOKUP(COUNT(F13:H13),$AX$2:$AZ$5,3)*(X13/SQRT(COUNT(F13:H13))),"") -> 84.767361 | Z13: =IF(COUNT(F13:H13)>0,V13-Y13,"") -> 182.56597 | AA13: =IF(COUNT(F13:H13)>0,V13+Y13,"") -> 352.10069 | AB13: =IF(COUNT(F13:H13)>0,X13/V13,"") -> 0.12763354 | AD13: =IF(SUM(I13:K13)>0,AVERAGE(I13:K13),"") -> 279 | AE13: =IF(SUM(I13:K13)>0, ( IF(I13>0,(I13-AD13)^2,0) + IF(J13>0,(J13-AD13)^2,0) + IF(K13>0,(K13-AD13)^2,0) ) / COUNT(I13:K13),"") -> 0 | AF13: =IF(SUM(I13:K13)>0,SQRT(AE13),"") -> 0 | AG13: =IF(COUNT(I13:K13)>0,VLOOKUP(COUNT(I13:K13),$AX$2:$AZ$5,3)*(AF13/SQRT(COUNT(I13:K13))),"") -> 0 | AH13: =IF(COUNT(I13:K13)>0,AD13-AG13,"") -> 279 | AI13: =IF(COUNT(I13:K13)>0,AD13+AG13,"") -> 279 | AJ13: =IF(COUNT(I13:K13)>0,AF13/AD13,"") -> 0 | AK13: =IF(SUM(L13:N13)>0,AVERAGE(L13:N13),"") -> 274.5 | AL13: =IF(SUM(L13:N13)>0, ( IF(L13>0,(L13-AK13)^2,0) + IF(M13>0,(M13-AK13)^2,0) + IF(N13>0,(N13-AK13)^2,0) ) / COUNT(L13:N13),"") -> 20.25 | AM13: =IF(SUM(L13:N13)>0,SQRT(AL13),"") -> 4.5 | AN13: =IF(COUNT(L13:N13)>0,VLOOKUP(COUNT(L13:N13),$AX$2:$AZ$5,3)*(AM13/SQRT(COUNT(L13:N13))),"") -> 40.430244 | AO13: =IF(COUNT(L13:N13)>0,AK13-AN13,"") -> 234.06976 | AP13: =IF(COUNT(L13:N13)>0,AK13+AN13,"") -> 314.93024 | AQ13: =IF(COUNT(L13:N13)>0,AM13/AK13,"") -> 0.016393443
A14: 41084 (10x) | B14: 5 | K14: 1791 | O14: =IF(SUM(C14:E14)>0,AVERAGE(C14:E14),"") | P14: =IF(SUM(C14:E14)>0, ( IF(C14>0,(C14-O14)^2,0) + IF(D14>0,(D14-O14)^2,0) + IF(E14>0,(E14-O14)^2,0) ) / COUNT(C14:E14),"") | Q14: =IF(SUM(C14:E14)>0,SQRT(P14),"") | R14: =IF(COUNT(C14:E14)>0,VLOOKUP(COUNT(C14:E14),$AX$2:$AZ$5,3)*(Q14/SQRT(COUNT(C14:E14))),"") | S14: =IF(COUNT(C14:E14)>0,O14-R14,"") | T14: =IF(COUNT(C14:E14)>0,O14+R14,"") | U14: =IF(COUNT(C14:E14)>0,Q14/O14,"") | V14: =IF(SUM(F14:H14)>0,AVERAGE(F14:H14),"") | W14: =IF(SUM(F14:H14)>0, ( IF(F14>0,(F14-V14)^2,0) + IF(G14>0,(G14-V14)^2,0) + IF(H14>0,(H14-V14)^2,0) ) / COUNT(F14:H14),"") | X14: =IF(SUM(F14:H14)>0,SQRT(W14),"") | Y14: =IF(COUNT(F14:H14)>0,VLOOKUP(COUNT(F14:H14),$AX$2:$AZ$5,3)*(X14/SQRT(COUNT(F14:H14))),"") | Z14: =IF(COUNT(F14:H14)>0,V14-Y14,"") | AA14: =IF(COUNT(F14:H14)>0,V14+Y14,"") | AB14: =IF(COUNT(F14:H14)>0,X14/V14,"") | AD14: =IF(SUM(I14:K14)>0,AVERAGE(I14:K14),"") -> 1791 | AE14: =IF(SUM(I14:K14)>0, ( IF(I14>0,(I14-AD14)^2,0) + IF(J14>0,(J14-AD14)^2,0) + IF(K14>0,(K14-AD14)^2,0) ) / COUNT(I14:K14),"") -> 0 | AF14: =IF(SUM(I14:K14)>0,SQRT(AE14),"") -> 0 | AG14: =IF(COUNT(I14:K14)>0,VLOOKUP(COUNT(I14:K14),$AX$2:$AZ$5,3)*(AF14/SQRT(COUNT(I14:K14))),"") -> 0 | AH14: =IF(COUNT(I14:K14)>0,AD14-AG14,"") -> 1791 | AI14: =IF(COUNT(I14:K14)>0,AD14+AG14,"") -> 1791 | AJ14: =IF(COUNT(I14:K14)>0,AF14/AD14,"") -> 0 | AK14: =IF(SUM(L14:N14)>0,AVERAGE(L14:N14),"") | AL14: =IF(SUM(L14:N14)>0, ( IF(L14>0,(L14-AK14)^2,0) + IF(M14>0,(M14-AK14)^2,0) + IF(N14>0,(N14-AK14)^2,0) ) / COUNT(L14:N14),"") | AM14: =IF(SUM(L14:N14)>0,SQRT(AL14),"") | AN14: =IF(COUNT(L14:N14)>0,VLOOKUP(COUNT(L14:N14),$AX$2:$AZ$5,3)*(AM14/SQRT(COUNT(L14:N14))),"") | AO14: =IF(COUNT(L14:N14)>0,AK14-AN14,"") | AP14: =IF(COUNT(L14:N14)>0,AK14+AN14,"") | AQ14: =IF(COUNT(L14:N14)>0,AM14/AK14,"")
A15: 41084 (10x) | B15: 10 | C15: 1647 | D15: 1394 | E15: 1740 | F15: 1291 | H15: 1461 | I15: 1353 | J15: 1392 | K15: 1402 | M15: 1394 | O15: =IF(SUM(C15:E15)>0,AVERAGE(C15:E15),"") -> 1593.6667 | P15: =IF(SUM(C15:E15)>0, ( IF(C15>0,(C15-O15)^2,0) + IF(D15>0,(D15-O15)^2,0) + IF(E15>0,(E15-O15)^2,0) ) / COUNT(C15:E15),"") -> 21374.889 | Q15: =IF(SUM(C15:E15)>0,SQRT(P15),"") -> 146.20154 | R15: =IF(COUNT(C15:E15)>0,VLOOKUP(COUNT(C15:E15),$AX$2:$AZ$5,3)*(Q15/SQRT(COUNT(C15:E15))),"") -> 363.21406 | S15: =IF(COUNT(C15:E15)>0,O15-R15,"") -> 1230.4526 | T15: =IF(COUNT(C15:E15)>0,O15+R15,"") -> 1956.8807 | U15: =IF(COUNT(C15:E15)>0,Q15/O15,"") -> 0.091739093 | V15: =IF(SUM(F15:H15)>0,AVERAGE(F15:H15),"") -> 1376 | W15: =IF(SUM(F15:H15)>0, ( IF(F15>0,(F15-V15)^2,0) + IF(G15>0,(G15-V15)^2,0) + IF(H15>0,(H15-V15)^2,0) ) / COUNT(F15:H15),"") -> 7225 | X15: =IF(SUM(F15:H15)>0,SQRT(W15),"") -> 85 | Y15: =IF(COUNT(F15:H15)>0,VLOOKUP(COUNT(F15:H15),$AX$2:$AZ$5,3)*(X15/SQRT(COUNT(F15:H15))),"") -> 763.68239 | Z15: =IF(COUNT(F15:H15)>0,V15-Y15,"") -> 612.31761 | AA15: =IF(COUNT(F15:H15)>0,V15+Y15,"") -> 2139.6824 | AB15: =IF(COUNT(F15:H15)>0,X15/V15,"") -> 0.061773256 | AD15: =IF(SUM(I15:K15)>0,AVERAGE(I15:K15),"") -> 1382.3333 | AE15: =IF(SUM(I15:K15)>0, ( IF(I15>0,(I15-AD15)^2,0) + IF(J15>0,(J15-AD15)^2,0) + IF(K15>0,(K15-AD15)^2,0) ) / COUNT(I15:K15),"") -> 446.88889 | AF15: =IF(SUM(I15:K15)>0,SQRT(AE15),"") -> 21.139747 | AG15: =IF(COUNT(I15:K15)>0,VLOOKUP(COUNT(I15:K15),$AX$2:$AZ$5,3)*(AF15/SQRT(COUNT(I15:K15))),"") -> 52.51828 | AH15: =IF(COUNT(I15:K15)>0,AD15-AG15,"") -> 1329.8151 | AI15: =IF(COUNT(I15:K15)>0,AD15+AG15,"") -> 1434.8516 | AJ15: =IF(COUNT(I15:K15)>0,AF15/AD15,"") -> 0.0152928 | AK15: =IF(SUM(L15:N15)>0,AVERAGE(L15:N15),"") -> 1394 | AL15: =IF(SUM(L15:N15)>0, ( IF(L15>0,(L15-AK15)^2,0) + IF(M15>0,(M15-AK15)^2,0) + IF(N15>0,(N15-AK15)^2,0) ) / COUNT(L15:N15),"") -> 0 | AM15: =IF(SUM(L15:N15)>0,SQRT(AL15),"") -> 0 | AN15: =IF(COUNT(L15:N15)>0,VLOOKUP(COUNT(L15:N15),$AX$2:$AZ$5,3)*(AM15/SQRT(COUNT(L15:N15))),"") -> 0 | AO15: =IF(COUNT(L15:N15)>0,AK15-AN15,"") -> 1394 | AP15: =IF(COUNT(L15:N15)>0,AK15+AN15,"") -> 1394 | AQ15: =IF(COUNT(L15:N15)>0,AM15/AK15,"") -> 0
A16: 41084 (10x) | B16: 15 | C16: 993 | D16: 1133 | E16: 1218 | F16: 1012 | G16: 903 | H16: 979 | I16: 1132 | J16: 1096 | K16: 923 | M16: 987 | N16: 1269 | O16: =IF(SUM(C16:E16)>0,AVERAGE(C16:E16),"") -> 1114.6667 | P16: =IF(SUM(C16:E16)>0, ( IF(C16>0,(C16-O16)^2,0) + IF(D16>0,(D16-O16)^2,0) + IF(E16>0,(E16-O16)^2,0) ) / COUNT(C16:E16),"") -> 8605.5556 | Q16: =IF(SUM(C16:E16)>0,SQRT(P16),"") -> 92.766134 | R16: =IF(COUNT(C16:E16)>0,VLOOKUP(COUNT(C16:E16),$AX$2:$AZ$5,3)*(Q16/SQRT(COUNT(C16:E16))),"") -> 230.46245 | S16: =IF(COUNT(C16:E16)>0,O16-R16,"") -> 884.20422 | T16: =IF(COUNT(C16:E16)>0,O16+R16,"") -> 1345.1291 | U16: =IF(COUNT(C16:E16)>0,Q16/O16,"") -> 0.083223206 | V16: =IF(SUM(F16:H16)>0,AVERAGE(F16:H16),"") -> 964.66667 | W16: =IF(SUM(F16:H16)>0, ( IF(F16>0,(F16-V16)^2,0) + IF(G16>0,(G16-V16)^2,0) + IF(H16>0,(H16-V16)^2,0) ) / COUNT(F16:H16),"") -> 2082.8889 | X16: =IF(SUM(F16:H16)>0,SQRT(W16),"") -> 45.638678 | Y16: =IF(COUNT(F16:H16)>0,VLOOKUP(COUNT(F16:H16),$AX$2:$AZ$5,3)*(X16/SQRT(COUNT(F16:H16))),"") -> 113.38191 | Z16: =IF(COUNT(F16:H16)>0,V16-Y16,"") -> 851.28476 | AA16: =IF(COUNT(F16:H16)>0,V16+Y16,"") -> 1078.0486 | AB16: =IF(COUNT(F16:H16)>0,X16/V16,"") -> 0.047310308 | AD16: =IF(SUM(I16:K16)>0,AVERAGE(I16:K16),"") -> 1050.3333 | AE16: =IF(SUM(I16:K16)>0, ( IF(I16>0,(I16-AD16)^2,0) + IF(J16>0,(J16-AD16)^2,0) + IF(K16>0,(K16-AD16)^2,0) ) / COUNT(I16:K16),"") -> 8322.8889 | AF16: =IF(SUM(I16:K16)>0,SQRT(AE16),"") -> 91.229868 | AG16: =IF(COUNT(I16:K16)>0,VLOOKUP(COUNT(I16:K16),$AX$2:$AZ$5,3)*(AF16/SQRT(COUNT(I16:K16))),"") -> 226.64585 | AH16: =IF(COUNT(I16:K16)>0,AD16-AG16,"") -> 823.68749 | AI16: =IF(COUNT(I16:K16)>0,AD16+AG16,"") -> 1276.9792 | AJ16: =IF(COUNT(I16:K16)>0,AF16/AD16,"") -> 0.086858015 | AK16: =IF(SUM(L16:N16)>0,AVERAGE(L16:N16),"") -> 1128 | AL16: =IF(SUM(L16:N16)>0, ( IF(L16>0,(L16-AK16)^2,0) + IF(M16>0,(M16-AK16)^2,0) + IF(N16>0,(N16-AK16)^2,0) ) / COUNT(L16:N16),"") -> 19881 | AM16: =IF(SUM(L16:N16)>0,SQRT(AL16),"") -> 141 | AN16: =IF(COUNT(L16:N16)>0,VLOOKUP(COUNT(L16:N16),$AX$2:$AZ$5,3)*(AM16/SQRT(COUNT(L16:N16))),"") -> 1266.8143 | AO16: =IF(COUNT(L16:N16)>0,AK16-AN16,"") -> -138.81433 | AP16: =IF(COUNT(L16:N16)>0,AK16+AN16,"") -> 2394.8143 | AQ16: =IF(COUNT(L16:N16)>0,AM16/AK16,"") -> 0.125
A17: 41084 (10x) | B17: 20 | C17: 762 | D17: 854 | E17: 776 | F17: 985 | G17: 802 | H17: 849 | I17: 964 | J17: 711 | K17: 606 | M17: 854 | N17: 769 | O17: =IF(SUM(C17:E17)>0,AVERAGE(C17:E17),"") -> 797.33333 | P17: =IF(SUM(C17:E17)>0, ( IF(C17>0,(C17-O17)^2,0) + IF(D17>0,(D17-O17)^2,0) + IF(E17>0,(E17-O17)^2,0) ) / COUNT(C17:E17),"") -> 1638.2222 | Q17: =IF(SUM(C17:E17)>0,SQRT(P17),"") -> 40.474958 | R17: =IF(COUNT(C17:E17)>0,VLOOKUP(COUNT(C17:E17),$AX$2:$AZ$5,3)*(Q17/SQRT(COUNT(C17:E17))),"") -> 100.55348 | S17: =IF(COUNT(C17:E17)>0,O17-R17,"") -> 696.77985 | T17: =IF(COUNT(C17:E17)>0,O17+R17,"") -> 897.88682 | U17: =IF(COUNT(C17:E17)>0,Q17/O17,"") -> 0.050762907 | V17: =IF(SUM(F17:H17)>0,AVERAGE(F17:H17),"") -> 878.66667 | W17: =IF(SUM(F17:H17)>0, ( IF(F17>0,(F17-V17)^2,0) + IF(G17>0,(G17-V17)^2,0) + IF(H17>0,(H17-V17)^2,0) ) / COUNT(F17:H17),"") -> 6021.5556 | X17: =IF(SUM(F17:H17)>0,SQRT(W17),"") -> 77.598683 | Y17: =IF(COUNT(F17:H17)>0,VLOOKUP(COUNT(F17:H17),$AX$2:$AZ$5,3)*(X17/SQRT(COUNT(F17:H17))),"") -> 192.78137 | Z17: =IF(COUNT(F17:H17)>0,V17-Y17,"") -> 685.88529 | AA17: =IF(COUNT(F17:H17)>0,V17+Y17,"") -> 1071.448 | AB17: =IF(COUNT(F17:H17)>0,X17/V17,"") -> 0.088314131 | AD17: =IF(SUM(I17:K17)>0,AVERAGE(I17:K17),"") -> 760.33333 | AE17: =IF(SUM(I17:K17)>0, ( IF(I17>0,(I17-AD17)^2,0) + IF(J17>0,(J17-AD17)^2,0) + IF(K17>0,(K17-AD17)^2,0) ) / COUNT(I17:K17),"") -> 22577.556 | AF17: =IF(SUM(I17:K17)>0,SQRT(AE17),"") -> 150.2583 | AG17: =IF(COUNT(I17:K17)>0,VLOOKUP(COUNT(I17:K17),$AX$2:$AZ$5,3)*(AF17/SQRT(COUNT(I17:K17))),"") -> 373.29243 | AH17: =IF(COUNT(I17:K17)>0,AD17-AG17,"") -> 387.04091 | AI17: =IF(COUNT(I17:K17)>0,AD17+AG17,"") -> 1133.6258 | AJ17: =IF(COUNT(I17:K17)>0,AF17/AD17,"") -> 0.19762161 | AK17: =IF(SUM(L17:N17)>0,AVERAGE(L17:N17),"") -> 811.5 | AL17: =IF(SUM(L17:N17)>0, ( IF(L17>0,(L17-AK17)^2,0) + IF(M17>0,(M17-AK17)^2,0) + IF(N17>0,(N17-AK17)^2,0) ) / COUNT(L17:N17),"") -> 1806.25 | AM17: =IF(SUM(L17:N17)>0,SQRT(AL17),"") -> 42.5 | AN17: =IF(COUNT(L17:N17)>0,VLOOKUP(COUNT(L17:N17),$AX$2:$AZ$5,3)*(AM17/SQRT(COUNT(L17:N17))),"") -> 381.8412 | AO17: =IF(COUNT(L17:N17)>0,AK17-AN17,"") -> 429.6588 | AP17: =IF(COUNT(L17:N17)>0,AK17+AN17,"") -> 1193.3412 | AQ17: =IF(COUNT(L17:N17)>0,AM17/AK17,"") -> 0.05237215
A18: 41084 (10x) | B18: 30 | C18: 647 | D18: 555 | E18: 629 | F18: 533 | G18: 582 | H18: 536 | I18: 650 | J18: 619 | K18: 523 | M18: 555 | N18: 629 | O18: =IF(SUM(C18:E18)>0,AVERAGE(C18:E18),"") -> 610.33333 | P18: =IF(SUM(C18:E18)>0, ( IF(C18>0,(C18-O18)^2,0) + IF(D18>0,(D18-O18)^2,0) + IF(E18>0,(E18-O18)^2,0) ) / COUNT(C18:E18),"") -> 1584.8889 | Q18: =IF(SUM(C18:E18)>0,SQRT(P18),"") -> 39.810663 | R18: =IF(COUNT(C18:E18)>0,VLOOKUP(COUNT(C18:E18),$AX$2:$AZ$5,3)*(Q18/SQRT(COUNT(C18:E18))),"") -> 98.903151 | S18: =IF(COUNT(C18:E18)>0,O18-R18,"") -> 511.43018 | T18: =IF(COUNT(C18:E18)>0,O18+R18,"") -> 709.23648 | U18: =IF(COUNT(C18:E18)>0,Q18/O18,"") -> 0.065227738 | V18: =IF(SUM(F18:H18)>0,AVERAGE(F18:H18),"") -> 550.33333 | W18: =IF(SUM(F18:H18)>0, ( IF(F18>0,(F18-V18)^2,0) + IF(G18>0,(G18-V18)^2,0) + IF(H18>0,(H18-V18)^2,0) ) / COUNT(F18:H18),"") -> 502.88889 | X18: =IF(SUM(F18:H18)>0,SQRT(W18),"") -> 22.425184 | Y18: =IF(COUNT(F18:H18)>0,VLOOKUP(COUNT(F18:H18),$AX$2:$AZ$5,3)*(X18/SQRT(COUNT(F18:H18))),"") -> 55.711742 | Z18: =IF(COUNT(F18:H18)>0,V18-Y18,"") -> 494.62159 | AA18: =IF(COUNT(F18:H18)>0,V18+Y18,"") -> 606.04508 | AB18: =IF(COUNT(F18:H18)>0,X18/V18,"") -> 0.040748366 | AD18: =IF(SUM(I18:K18)>0,AVERAGE(I18:K18),"") -> 597.33333 | AE18: =IF(SUM(I18:K18)>0, ( IF(I18>0,(I18-AD18)^2,0) + IF(J18>0,(J18-AD18)^2,0) + IF(K18>0,(K18-AD18)^2,0) ) / COUNT(I18:K18),"") -> 2922.8889 | AF18: =IF(SUM(I18:K18)>0,SQRT(AE18),"") -> 54.063748 | AG18: =IF(COUNT(I18:K18)>0,VLOOKUP(COUNT(I18:K18),$AX$2:$AZ$5,3)*(AF18/SQRT(COUNT(I18:K18))),"") -> 134.31264 | AH18: =IF(COUNT(I18:K18)>0,AD18-AG18,"") -> 463.0207 | AI18: =IF(COUNT(I18:K18)>0,AD18+AG18,"") -> 731.64597 | AJ18: =IF(COUNT(I18:K18)>0,AF18/AD18,"") -> 0.090508507 | AK18: =IF(SUM(L18:N18)>0,AVERAGE(L18:N18),"") -> 592 | AL18: =IF(SUM(L18:N18)>0, ( IF(L18>0,(L18-AK18)^2,0) + IF(M18>0,(M18-AK18)^2,0) + IF(N18>0,(N18-AK18)^2,0) ) / COUNT(L18:N18),"") -> 1369 | AM18: =IF(SUM(L18:N18)>0,SQRT(AL18),"") -> 37 | AN18: =IF(COUNT(L18:N18)>0,VLOOKUP(COUNT(L18:N18),$AX$2:$AZ$5,3)*(AM18/SQRT(COUNT(L18:N18))),"") -> 332.42645 | AO18: =IF(COUNT(L18:N18)>0,AK18-AN18,"") -> 259.57355 | AP18: =IF(COUNT(L18:N18)>0,AK18+AN18,"") -> 924.42645 | AQ18: =IF(COUNT(L18:N18)>0,AM18/AK18,"") -> 0.0625
A19: 41084 (10x) | B19: 40 | C19: 419 | D19: 558 | E19: 483 | G19: 428 | H19: 461 | I19: 478 | J19: 473 | K19: 441 | M19: 452 | N19: 489 | O19: =IF(SUM(C19:E19)>0,AVERAGE(C19:E19),"") -> 486.66667 | P19: =IF(SUM(C19:E19)>0, ( IF(C19>0,(C19-O19)^2,0) + IF(D19>0,(D19-O19)^2,0) + IF(E19>0,(E19-O19)^2,0) ) / COUNT(C19:E19),"") -> 3226.8889 | Q19: =IF(SUM(C19:E19)>0,SQRT(P19),"") -> 56.805712 | R19: =IF(COUNT(C19:E19)>0,VLOOKUP(COUNT(C19:E19),$AX$2:$AZ$5,3)*(Q19/SQRT(COUNT(C19:E19))),"") -> 141.1246 | S19: =IF(COUNT(C19:E19)>0,O19-R19,"") -> 345.54207 | T19: =IF(COUNT(C19:E19)>0,O19+R19,"") -> 627.79127 | U19: =IF(COUNT(C19:E19)>0,Q19/O19,"") -> 0.11672407 | V19: =IF(SUM(F19:H19)>0,AVERAGE(F19:H19),"") -> 444.5 | W19: =IF(SUM(F19:H19)>0, ( IF(F19>0,(F19-V19)^2,0) + IF(G19>0,(G19-V19)^2,0) + IF(H19>0,(H19-V19)^2,0) ) / COUNT(F19:H19),"") -> 272.25 | X19: =IF(SUM(F19:H19)>0,SQRT(W19),"") -> 16.5 | Y19: =IF(COUNT(F19:H19)>0,VLOOKUP(COUNT(F19:H19),$AX$2:$AZ$5,3)*(X19/SQRT(COUNT(F19:H19))),"") -> 148.24423 | Z19: =IF(COUNT(F19:H19)>0,V19-Y19,"") -> 296.25577 | AA19: =IF(COUNT(F19:H19)>0,V19+Y19,"") -> 592.74423 | AB19: =IF(COUNT(F19:H19)>0,X19/V19,"") -> 0.03712036 | AD19: =IF(SUM(I19:K19)>0,AVERAGE(I19:K19),"") -> 464 | AE19: =IF(SUM(I19:K19)>0, ( IF(I19>0,(I19-AD19)^2,0) + IF(J19>0,(J19-AD19)^2,0) + IF(K19>0,(K19-AD19)^2,0) ) / COUNT(I19:K19),"") -> 268.66667 | AF19: =IF(SUM(I19:K19)>0,SQRT(AE19),"") -> 16.391054 | AG19: =IF(COUNT(I19:K19)>0,VLOOKUP(COUNT(I19:K19),$AX$2:$AZ$5,3)*(AF19/SQRT(COUNT(I19:K19))),"") -> 40.720923 | AH19: =IF(COUNT(I19:K19)>0,AD19-AG19,"") -> 423.27908 | AI19: =IF(COUNT(I19:K19)>0,AD19+AG19,"") -> 504.72092 | AJ19: =IF(COUNT(I19:K19)>0,AF19/AD19,"") -> 0.035325548 | AK19: =IF(SUM(L19:N19)>0,AVERAGE(L19:N19),"") -> 470.5 | AL19: =IF(SUM(L19:N19)>0, ( IF(L19>0,(L19-AK19)^2,0) + IF(M19>0,(M19-AK19)^2,0) + IF(N19>0,(N19-AK19)^2,0) ) / COUNT(L19:N19),"") -> 342.25 | AM19: =IF(SUM(L19:N19)>0,SQRT(AL19),"") -> 18.5 | AN19: =IF(COUNT(L19:N19)>0,VLOOKUP(COUNT(L19:N19),$AX$2:$AZ$5,3)*(AM19/SQRT(COUNT(L19:N19))),"") -> 166.21323 | AO19: =IF(COUNT(L19:N19)>0,AK19-AN19,"") -> 304.28677 | AP19: =IF(COUNT(L19:N19)>0,AK19+AN19,"") -> 636.71323 | AQ19: =IF(COUNT(L19:N19)>0,AM19/AK19,"") -> 0.039319872
A20: 41084 (10x) | B20: 50 | C20: 383 | D20: 482 | E20: 406 | F20: 407 | G20: 449 | H20: 448 | I20: 365 | J20: 453 | K20: 386 | M20: 451 | N20: 377 | O20: =IF(SUM(C20:E20)>0,AVERAGE(C20:E20),"") -> 423.66667 | P20: =IF(SUM(C20:E20)>0, ( IF(C20>0,(C20-O20)^2,0) + IF(D20>0,(D20-O20)^2,0) + IF(E20>0,(E20-O20)^2,0) ) / COUNT(C20:E20),"") -> 1789.5556 | Q20: =IF(SUM(C20:E20)>0,SQRT(P20),"") -> 42.303139 | R20: =IF(COUNT(C20:E20)>0,VLOOKUP(COUNT(C20:E20),$AX$2:$AZ$5,3)*(Q20/SQRT(COUNT(C20:E20))),"") -> 105.0953 | S20: =IF(COUNT(C20:E20)>0,O20-R20,"") -> 318.57136 | T20: =IF(COUNT(C20:E20)>0,O20+R20,"") -> 528.76197 | U20: =IF(COUNT(C20:E20)>0,Q20/O20,"") -> 0.099850052 | V20: =IF(SUM(F20:H20)>0,AVERAGE(F20:H20),"") -> 434.66667 | W20: =IF(SUM(F20:H20)>0, ( IF(F20>0,(F20-V20)^2,0) + IF(G20>0,(G20-V20)^2,0) + IF(H20>0,(H20-V20)^2,0) ) / COUNT(F20:H20),"") -> 382.88889 | X20: =IF(SUM(F20:H20)>0,SQRT(W20),"") -> 19.567547 | Y20: =IF(COUNT(F20:H20)>0,VLOOKUP(COUNT(F20:H20),$AX$2:$AZ$5,3)*(X20/SQRT(COUNT(F20:H20))),"") -> 48.612404 | Z20: =IF(COUNT(F20:H20)>0,V20-Y20,"") -> 386.05426 | AA20: =IF(COUNT(F20:H20)>0,V20+Y20,"") -> 483.27907 | AB20: =IF(COUNT(F20:H20)>0,X20/V20,"") -> 0.045017362 | AD20: =IF(SUM(I20:K20)>0,AVERAGE(I20:K20),"") -> 401.33333 | AE20: =IF(SUM(I20:K20)>0, ( IF(I20>0,(I20-AD20)^2,0) + IF(J20>0,(J20-AD20)^2,0) + IF(K20>0,(K20-AD20)^2,0) ) / COUNT(I20:K20),"") -> 1408.2222 | AF20: =IF(SUM(I20:K20)>0,SQRT(AE20),"") -> 37.526287 | AG20: =IF(COUNT(I20:K20)>0,VLOOKUP(COUNT(I20:K20),$AX$2:$AZ$5,3)*(AF20/SQRT(COUNT(I20:K20))),"") -> 93.227989 | AH20: =IF(COUNT(I20:K20)>0,AD20-AG20,"") -> 308.10534 | AI20: =IF(COUNT(I20:K20)>0,AD20+AG20,"") -> 494.56132 | AJ20: =IF(COUNT(I20:K20)>0,AF20/AD20,"") -> 0.093504038 | AK20: =IF(SUM(L20:N20)>0,AVERAGE(L20:N20),"") -> 414 | AL20: =IF(SUM(L20:N20)>0, ( IF(L20>0,(L20-AK20)^2,0) + IF(M20>0,(M20-AK20)^2,0) + IF(N20>0,(N20-AK20)^2,0) ) / COUNT(L20:N20),"") -> 1369 | AM20: =IF(SUM(L20:N20)>0,SQRT(AL20),"") -> 37 | AN20: =IF(COUNT(L20:N20)>0,VLOOKUP(COUNT(L20:N20),$AX$2:$AZ$5,3)*(AM20/SQRT(COUNT(L20:N20))),"") -> 332.42645 | AO20: =IF(COUNT(L20:N20)>0,AK20-AN20,"") -> 81.573546 | AP20: =IF(COUNT(L20:N20)>0,AK20+AN20,"") -> 746.42645 | AQ20: =IF(COUNT(L20:N20)>0,AM20/AK20,"") -> 0.089371981
A21: 41084 (10x) | B21: 64 | C21: 342 | D21: 323 | E21: 458 | F21: 375 | G21: 342 | H21: 316 | I21: 324 | J21: 379 | K21: 323 | M21: 323 | N21: 326 | O21: =IF(SUM(C21:E21)>0,AVERAGE(C21:E21),"") -> 374.33333 | P21: =IF(SUM(C21:E21)>0, ( IF(C21>0,(C21-O21)^2,0) + IF(D21>0,(D21-O21)^2,0) + IF(E21>0,(E21-O21)^2,0) ) / COUNT(C21:E21),"") -> 3560.2222 | Q21: =IF(SUM(C21:E21)>0,SQRT(P21),"") -> 59.667598 | R21: =IF(COUNT(C21:E21)>0,VLOOKUP(COUNT(C21:E21),$AX$2:$AZ$5,3)*(Q21/SQRT(COUNT(C21:E21))),"") -> 148.23449 | S21: =IF(COUNT(C21:E21)>0,O21-R21,"") -> 226.09884 | T21: =IF(COUNT(C21:E21)>0,O21+R21,"") -> 522.56783 | U21: =IF(COUNT(C21:E21)>0,Q21/O21,"") -> 0.15939697 | V21: =IF(SUM(F21:H21)>0,AVERAGE(F21:H21),"") -> 344.33333 | W21: =IF(SUM(F21:H21)>0, ( IF(F21>0,(F21-V21)^2,0) + IF(G21>0,(G21-V21)^2,0) + IF(H21>0,(H21-V21)^2,0) ) / COUNT(F21:H21),"") -> 582.88889 | X21: =IF(SUM(F21:H21)>0,SQRT(W21),"") -> 24.143092 | Y21: =IF(COUNT(F21:H21)>0,VLOOKUP(COUNT(F21:H21),$AX$2:$AZ$5,3)*(X21/SQRT(COUNT(F21:H21))),"") -> 59.979606 | Z21: =IF(COUNT(F21:H21)>0,V21-Y21,"") -> 284.35373 | AA21: =IF(COUNT(F21:H21)>0,V21+Y21,"") -> 404.31294 | AB21: =IF(COUNT(F21:H21)>0,X21/V21,"") -> 0.070115465 | AD21: =IF(SUM(I21:K21)>0,AVERAGE(I21:K21),"") -> 342 | AE21: =IF(SUM(I21:K21)>0, ( IF(I21>0,(I21-AD21)^2,0) + IF(J21>0,(J21-AD21)^2,0) + IF(K21>0,(K21-AD21)^2,0) ) / COUNT(I21:K21),"") -> 684.66667 | AF21: =IF(SUM(I21:K21)>0,SQRT(AE21),"") -> 26.166136 | AG21: =IF(COUNT(I21:K21)>0,VLOOKUP(COUNT(I21:K21),$AX$2:$AZ$5,3)*(AF21/SQRT(COUNT(I21:K21))),"") -> 65.005531 | AH21: =IF(COUNT(I21:K21)>0,AD21-AG21,"") -> 276.99447 | AI21: =IF(COUNT(I21:K21)>0,AD21+AG21,"") -> 407.00553 | AJ21: =IF(COUNT(I21:K21)>0,AF21/AD21,"") -> 0.076509169 | AK21: =IF(SUM(L21:N21)>0,AVERAGE(L21:N21),"") -> 324.5 | AL21: =IF(SUM(L21:N21)>0, ( IF(L21>0,(L21-AK21)^2,0) + IF(M21>0,(M21-AK21)^2,0) + IF(N21>0,(N21-AK21)^2,0) ) / COUNT(L21:N21),"") -> 2.25 | AM21: =IF(SUM(L21:N21)>0,SQRT(AL21),"") -> 1.5 | AN21: =IF(COUNT(L21:N21)>0,VLOOKUP(COUNT(L21:N21),$AX$2:$AZ$5,3)*(AM21/SQRT(COUNT(L21:N21))),"") -> 13.476748 | AO21: =IF(COUNT(L21:N21)>0,AK21-AN21,"") -> 311.02325 | AP21: =IF(COUNT(L21:N21)>0,AK21+AN21,"") -> 337.97675 | AQ21: =IF(COUNT(L21:N21)>0,AM21/AK21,"") -> 0.0046224961
A22: 41084 (10x) | B22: 82 | C22: 326 | D22: 298 | E22: 360 | F22: 282 | G22: 286 | H22: 340 | I22: 279 | J22: 308 | K22: 262 | M22: 282 | N22: 303 | O22: =IF(SUM(C22:E22)>0,AVERAGE(C22:E22),"") -> 328 | P22: =IF(SUM(C22:E22)>0, ( IF(C22>0,(C22-O22)^2,0) + IF(D22>0,(D22-O22)^2,0) + IF(E22>0,(E22-O22)^2,0) ) / COUNT(C22:E22),"") -> 642.66667 | Q22: =IF(SUM(C22:E22)>0,SQRT(P22),"") -> 25.350871 | R22: =IF(COUNT(C22:E22)>0,VLOOKUP(COUNT(C22:E22),$AX$2:$AZ$5,3)*(Q22/SQRT(COUNT(C22:E22))),"") -> 62.980138 | S22: =IF(COUNT(C22:E22)>0,O22-R22,"") -> 265.01986 | T22: =IF(COUNT(C22:E22)>0,O22+R22,"") -> 390.98014 | U22: =IF(COUNT(C22:E22)>0,Q22/O22,"") -> 0.077289241 | V22: =IF(SUM(F22:H22)>0,AVERAGE(F22:H22),"") -> 302.66667 | W22: =IF(SUM(F22:H22)>0, ( IF(F22>0,(F22-V22)^2,0) + IF(G22>0,(G22-V22)^2,0) + IF(H22>0,(H22-V22)^2,0) ) / COUNT(F22:H22),"") -> 699.55556 | X22: =IF(SUM(F22:H22)>0,SQRT(W22),"") -> 26.449113 | Y22: =IF(COUNT(F22:H22)>0,VLOOKUP(COUNT(F22:H22),$AX$2:$AZ$5,3)*(X22/SQRT(COUNT(F22:H22))),"") -> 65.708541 | Z22: =IF(COUNT(F22:H22)>0,V22-Y22,"") -> 236.95813 | AA22: =IF(COUNT(F22:H22)>0,V22+Y22,"") -> 368.37521 | AB22: =IF(COUNT(F22:H22)>0,X22/V22,"") -> 0.087386936 | AD22: =IF(SUM(I22:K22)>0,AVERAGE(I22:K22),"") -> 283 | AE22: =IF(SUM(I22:K22)>0, ( IF(I22>0,(I22-AD22)^2,0) + IF(J22>0,(J22-AD22)^2,0) + IF(K22>0,(K22-AD22)^2,0) ) / COUNT(I22:K22),"") -> 360.66667 | AF22: =IF(SUM(I22:K22)>0,SQRT(AE22),"") -> 18.991226 | AG22: =IF(COUNT(I22:K22)>0,VLOOKUP(COUNT(I22:K22),$AX$2:$AZ$5,3)*(AF22/SQRT(COUNT(I22:K22))),"") -> 47.180628 | AH22: =IF(COUNT(I22:K22)>0,AD22-AG22,"") -> 235.81937 | AI22: =IF(COUNT(I22:K22)>0,AD22+AG22,"") -> 330.18063 | AJ22: =IF(COUNT(I22:K22)>0,AF22/AD22,"") -> 0.067106806 | AK22: =IF(SUM(L22:N22)>0,AVERAGE(L22:N22),"") -> 292.5 | AL22: =IF(SUM(L22:N22)>0, ( IF(L22>0,(L22-AK22)^2,0) + IF(M22>0,(M22-AK22)^2,0) + IF(N22>0,(N22-AK22)^2,0) ) / COUNT(L22:N22),"") -> 110.25 | AM22: =IF(SUM(L22:N22)>0,SQRT(AL22),"") -> 10.5 | AN22: =IF(COUNT(L22:N22)>0,VLOOKUP(COUNT(L22:N22),$AX$2:$AZ$5,3)*(AM22/SQRT(COUNT(L22:N22))),"") -> 94.337237 | AO22: =IF(COUNT(L22:N22)>0,AK22-AN22,"") -> 198.16276 | AP22: =IF(COUNT(L22:N22)>0,AK22+AN22,"") -> 386.83724 | AQ22: =IF(COUNT(L22:N22)>0,AM22/AK22,"") -> 0.035897436
A23: 41084 (10x) | B23: 100 | C23: 236 | D23: 267 | E23: 296 | F23: 266 | G23: 312 | H23: 254 | I23: 247 | J23: 302 | M23: 286 | N23: 231 | O23: =IF(SUM(C23:E23)>0,AVERAGE(C23:E23),"") -> 266.33333 | P23: =IF(SUM(C23:E23)>0, ( IF(C23>0,(C23-O23)^2,0) + IF(D23>0,(D23-O23)^2,0) + IF(E23>0,(E23-O23)^2,0) ) / COUNT(C23:E23),"") -> 600.22222 | Q23: =IF(SUM(C23:E23)>0,SQRT(P23),"") -> 24.499433 | R23: =IF(COUNT(C23:E23)>0,VLOOKUP(COUNT(C23:E23),$AX$2:$AZ$5,3)*(Q23/SQRT(COUNT(C23:E23))),"") -> 60.864878 | S23: =IF(COUNT(C23:E23)>0,O23-R23,"") -> 205.46846 | T23: =IF(COUNT(C23:E23)>0,O23+R23,"") -> 327.19821 | U23: =IF(COUNT(C23:E23)>0,Q23/O23,"") -> 0.091987859 | V23: =IF(SUM(F23:H23)>0,AVERAGE(F23:H23),"") -> 277.33333 | W23: =IF(SUM(F23:H23)>0, ( IF(F23>0,(F23-V23)^2,0) + IF(G23>0,(G23-V23)^2,0) + IF(H23>0,(H23-V23)^2,0) ) / COUNT(F23:H23),"") -> 624.88889 | X23: =IF(SUM(F23:H23)>0,SQRT(W23),"") -> 24.997778 | Y23: =IF(COUNT(F23:H23)>0,VLOOKUP(COUNT(F23:H23),$AX$2:$AZ$5,3)*(X23/SQRT(COUNT(F23:H23))),"") -> 62.102934 | Z23: =IF(COUNT(F23:H23)>0,V23-Y23,"") -> 215.2304 | AA23: =IF(COUNT(F23:H23)>0,V23+Y23,"") -> 339.43627 | AB23: =IF(COUNT(F23:H23)>0,X23/V23,"") -> 0.090136218 | AD23: =IF(SUM(I23:K23)>0,AVERAGE(I23:K23),"") -> 274.5 | AE23: =IF(SUM(I23:K23)>0, ( IF(I23>0,(I23-AD23)^2,0) + IF(J23>0,(J23-AD23)^2,0) + IF(K23>0,(K23-AD23)^2,0) ) / COUNT(I23:K23),"") -> 756.25 | AF23: =IF(SUM(I23:K23)>0,SQRT(AE23),"") -> 27.5 | AG23: =IF(COUNT(I23:K23)>0,VLOOKUP(COUNT(I23:K23),$AX$2:$AZ$5,3)*(AF23/SQRT(COUNT(I23:K23))),"") -> 247.07372 | AH23: =IF(COUNT(I23:K23)>0,AD23-AG23,"") -> 27.426284 | AI23: =IF(COUNT(I23:K23)>0,AD23+AG23,"") -> 521.57372 | AJ23: =IF(COUNT(I23:K23)>0,AF23/AD23,"") -> 0.10018215 | AK23: =IF(SUM(L23:N23)>0,AVERAGE(L23:N23),"") -> 258.5 | AL23: =IF(SUM(L23:N23)>0, ( IF(L23>0,(L23-AK23)^2,0) + IF(M23>0,(M23-AK23)^2,0) + IF(N23>0,(N23-AK23)^2,0) ) / COUNT(L23:N23),"") -> 756.25 | AM23: =IF(SUM(L23:N23)>0,SQRT(AL23),"") -> 27.5 | AN23: =IF(COUNT(L23:N23)>0,VLOOKUP(COUNT(L23:N23),$AX$2:$AZ$5,3)*(AM23/SQRT(COUNT(L23:N23))),"") -> 247.07372 | AO23: =IF(COUNT(L23:N23)>0,AK23-AN23,"") -> 11.426284 | AP23: =IF(COUNT(L23:N23)>0,AK23+AN23,"") -> 505.57372 | AQ23: =IF(COUNT(L23:N23)>0,AM23/AK23,"") -> 0.10638298
A24: 500094 (10x) | B24: 5 | O24: =IF(SUM(C24:E24)>0,AVERAGE(C24:E24),"") | P24: =IF(SUM(C24:E24)>0, ( IF(C24>0,(C24-O24)^2,0) + IF(D24>0,(D24-O24)^2,0) + IF(E24>0,(E24-O24)^2,0) ) / COUNT(C24:E24),"") | Q24: =IF(SUM(C24:E24)>0,SQRT(P24),"") | R24: =IF(COUNT(C24:E24)>0,VLOOKUP(COUNT(C24:E24),$AX$2:$AZ$5,3)*(Q24/SQRT(COUNT(C24:E24))),"") | S24: =IF(COUNT(C24:E24)>0,O24-R24,"") | T24: =IF(COUNT(C24:E24)>0,O24+R24,"") | U24: =IF(COUNT(C24:E24)>0,Q24/O24,"") | V24: =IF(SUM(F24:H24)>0,AVERAGE(F24:H24),"") | W24: =IF(SUM(F24:H24)>0, ( IF(F24>0,(F24-V24)^2,0) + IF(G24>0,(G24-V24)^2,0) + IF(H24>0,(H24-V24)^2,0) ) / COUNT(F24:H24),"") | X24: =IF(SUM(F24:H24)>0,SQRT(W24),"") | Y24: =IF(COUNT(F24:H24)>0,VLOOKUP(COUNT(F24:H24),$AX$2:$AZ$5,3)*(X24/SQRT(COUNT(F24:H24))),"") | Z24: =IF(COUNT(F24:H24)>0,V24-Y24,"") | AA24: =IF(COUNT(F24:H24)>0,V24+Y24,"") | AB24: =IF(COUNT(F24:H24)>0,X24/V24,"") | AD24: =IF(SUM(I24:K24)>0,AVERAGE(I24:K24),"") | AE24: =IF(SUM(I24:K24)>0, ( IF(I24>0,(I24-AD24)^2,0) + IF(J24>0,(J24-AD24)^2,0) + IF(K24>0,(K24-AD24)^2,0) ) / COUNT(I24:K24),"") | AF24: =IF(SUM(I24:K24)>0,SQRT(AE24),"") | AG24: =IF(COUNT(I24:K24)>0,VLOOKUP(COUNT(I24:K24),$AX$2:$AZ$5,3)*(AF24/SQRT(COUNT(I24:K24))),"") | AH24: =IF(COUNT(I24:K24)>0,AD24-AG24,"") | AI24: =IF(COUNT(I24:K24)>0,AD24+AG24,"") | AJ24: =IF(COUNT(I24:K24)>0,AF24/AD24,"") | AK24: =IF(SUM(L24:N24)>0,AVERAGE(L24:N24),"") | AL24: =IF(SUM(L24:N24)>0, ( IF(L24>0,(L24-AK24)^2,0) + IF(M24>0,(M24-AK24)^2,0) + IF(N24>0,(N24-AK24)^2,0) ) / COUNT(L24:N24),"") | AM24: =IF(SUM(L24:N24)>0,SQRT(AL24),"") | AN24: =IF(COUNT(L24:N24)>0,VLOOKUP(COUNT(L24:N24),$AX$2:$AZ$5,3)*(AM24/SQRT(COUNT(L24:N24))),"") | AO24: =IF(COUNT(L24:N24)>0,AK24-AN24,"") | AP24: =IF(COUNT(L24:N24)>0,AK24+AN24,"") | AQ24: =IF(COUNT(L24:N24)>0,AM24/AK24,"")
A25: 500094 (10x) | B25: 10 | F25: 2580 | I25: 2672 | K25: 2168 | O25: =IF(SUM(C25:E25)>0,AVERAGE(C25:E25),"") | P25: =IF(SUM(C25:E25)>0, ( IF(C25>0,(C25-O25)^2,0) + IF(D25>0,(D25-O25)^2,0) + IF(E25>0,(E25-O25)^2,0) ) / COUNT(C25:E25),"") | Q25: =IF(SUM(C25:E25)>0,SQRT(P25),"") | R25: =IF(COUNT(C25:E25)>0,VLOOKUP(COUNT(C25:E25),$AX$2:$AZ$5,3)*(Q25/SQRT(COUNT(C25:E25))),"") | S25: =IF(COUNT(C25:E25)>0,O25-R25,"") | T25: =IF(COUNT(C25:E25)>0,O25+R25,"") | U25: =IF(COUNT(C25:E25)>0,Q25/O25,"") | V25: =IF(SUM(F25:H25)>0,AVERAGE(F25:H25),"") -> 2580 | W25: =IF(SUM(F25:H25)>0, ( IF(F25>0,(F25-V25)^2,0) + IF(G25>0,(G25-V25)^2,0) + IF(H25>0,(H25-V25)^2,0) ) / COUNT(F25:H25),"") -> 0 | X25: =IF(SUM(F25:H25)>0,SQRT(W25),"") -> 0 | Y25: =IF(COUNT(F25:H25)>0,VLOOKUP(COUNT(F25:H25),$AX$2:$AZ$5,3)*(X25/SQRT(COUNT(F25:H25))),"") -> 0 | Z25: =IF(COUNT(F25:H25)>0,V25-Y25,"") -> 2580 | AA25: =IF(COUNT(F25:H25)>0,V25+Y25,"") -> 2580 | AB25: =IF(COUNT(F25:H25)>0,X25/V25,"") -> 0 | AD25: =IF(SUM(I25:K25)>0,AVERAGE(I25:K25),"") -> 2420 | AE25: =IF(SUM(I25:K25)>0, ( IF(I25>0,(I25-AD25)^2,0) + IF(J25>0,(J25-AD25)^2,0) + IF(K25>0,(K25-AD25)^2,0) ) / COUNT(I25:K25),"") -> 63504 | AF25: =IF(SUM(I25:K25)>0,SQRT(AE25),"") -> 252 | AG25: =IF(COUNT(I25:K25)>0,VLOOKUP(COUNT(I25:K25),$AX$2:$AZ$5,3)*(AF25/SQRT(COUNT(I25:K25))),"") -> 2264.0937 | AH25: =IF(COUNT(I25:K25)>0,AD25-AG25,"") -> 155.90631 | AI25: =IF(COUNT(I25:K25)>0,AD25+AG25,"") -> 4684.0937 | AJ25: =IF(COUNT(I25:K25)>0,AF25/AD25,"") -> 0.10413223 | AK25: =IF(SUM(L25:N25)>0,AVERAGE(L25:N25),"") | AL25: =IF(SUM(L25:N25)>0, ( IF(L25>0,(L25-AK25)^2,0) + IF(M25>0,(M25-AK25)^2,0) + IF(N25>0,(N25-AK25)^2,0) ) / COUNT(L25:N25),"") | AM25: =IF(SUM(L25:N25)>0,SQRT(AL25),"") | AN25: =IF(COUNT(L25:N25)>0,VLOOKUP(COUNT(L25:N25),$AX$2:$AZ$5,3)*(AM25/SQRT(COUNT(L25:N25))),"") | AO25: =IF(COUNT(L25:N25)>0,AK25-AN25,"") | AP25: =IF(COUNT(L25:N25)>0,AK25+AN25,"") | AQ25: =IF(COUNT(L25:N25)>0,AM25/AK25,"")
A26: 500094 (10x) | B26: 15 | C26: 1602 | D26: 1890 | F26: 1983 | H26: 2439 | I26: 1630 | J26: 1670 | K26: 1396 | M26: 1890 | O26: =IF(SUM(C26:E26)>0,AVERAGE(C26:E26),"") -> 1746 | P26: =IF(SUM(C26:E26)>0, ( IF(C26>0,(C26-O26)^2,0) + IF(D26>0,(D26-O26)^2,0) + IF(E26>0,(E26-O26)^2,0) ) / COUNT(C26:E26),"") -> 20736 | Q26: =IF(SUM(C26:E26)>0,SQRT(P26),"") -> 144 | R26: =IF(COUNT(C26:E26)>0,VLOOKUP(COUNT(C26:E26),$AX$2:$AZ$5,3)*(Q26/SQRT(COUNT(C26:E26))),"") -> 1293.7678 | S26: =IF(COUNT(C26:E26)>0,O26-R26,"") -> 452.23218 | T26: =IF(COUNT(C26:E26)>0,O26+R26,"") -> 3039.7678 | U26: =IF(COUNT(C26:E26)>0,Q26/O26,"") -> 0.082474227 | V26: =IF(SUM(F26:H26)>0,AVERAGE(F26:H26),"") -> 2211 | W26: =IF(SUM(F26:H26)>0, ( IF(F26>0,(F26-V26)^2,0) + IF(G26>0,(G26-V26)^2,0) + IF(H26>0,(H26-V26)^2,0) ) / COUNT(F26:H26),"") -> 51984 | X26: =IF(SUM(F26:H26)>0,SQRT(W26),"") -> 228 | Y26: =IF(COUNT(F26:H26)>0,VLOOKUP(COUNT(F26:H26),$AX$2:$AZ$5,3)*(X26/SQRT(COUNT(F26:H26))),"") -> 2048.4657 | Z26: =IF(COUNT(F26:H26)>0,V26-Y26,"") -> 162.53428 | AA26: =IF(COUNT(F26:H26)>0,V26+Y26,"") -> 4259.4657 | AB26: =IF(COUNT(F26:H26)>0,X26/V26,"") -> 0.10312076 | AD26: =IF(SUM(I26:K26)>0,AVERAGE(I26:K26),"") -> 1565.3333 | AE26: =IF(SUM(I26:K26)>0, ( IF(I26>0,(I26-AD26)^2,0) + IF(J26>0,(J26-AD26)^2,0) + IF(K26>0,(K26-AD26)^2,0) ) / COUNT(I26:K26),"") -> 14603.556 | AF26: =IF(SUM(I26:K26)>0,SQRT(AE26),"") -> 120.84517 | AG26: =IF(COUNT(I26:K26)>0,VLOOKUP(COUNT(I26:K26),$AX$2:$AZ$5,3)*(AF26/SQRT(COUNT(I26:K26))),"") -> 300.22028 | AH26: =IF(COUNT(I26:K26)>0,AD26-AG26,"") -> 1265.1131 | AI26: =IF(COUNT(I26:K26)>0,AD26+AG26,"") -> 1865.5536 | AJ26: =IF(COUNT(I26:K26)>0,AF26/AD26,"") -> 0.077200919 | AK26: =IF(SUM(L26:N26)>0,AVERAGE(L26:N26),"") -> 1890 | AL26: =IF(SUM(L26:N26)>0, ( IF(L26>0,(L26-AK26)^2,0) + IF(M26>0,(M26-AK26)^2,0) + IF(N26>0,(N26-AK26)^2,0) ) / COUNT(L26:N26),"") -> 0 | AM26: =IF(SUM(L26:N26)>0,SQRT(AL26),"") -> 0 | AN26: =IF(COUNT(L26:N26)>0,VLOOKUP(COUNT(L26:N26),$AX$2:$AZ$5,3)*(AM26/SQRT(COUNT(L26:N26))),"") -> 0 | AO26: =IF(COUNT(L26:N26)>0,AK26-AN26,"") -> 1890 | AP26: =IF(COUNT(L26:N26)>0,AK26+AN26,"") -> 1890 | AQ26: =IF(COUNT(L26:N26)>0,AM26/AK26,"") -> 0
A27: 500094 (10x) | B27: 20 | C27: 1308 | D27: 1289 | E27: 2140 | F27: 1768 | G27: 1506 | H27: 1939 | I27: 1158 | J27: 1303 | K27: 1474 | M27: 1289 | O27: =IF(SUM(C27:E27)>0,AVERAGE(C27:E27),"") -> 1579 | P27: =IF(SUM(C27:E27)>0, ( IF(C27>0,(C27-O27)^2,0) + IF(D27>0,(D27-O27)^2,0) + IF(E27>0,(E27-O27)^2,0) ) / COUNT(C27:E27),"") -> 157420.67 | Q27: =IF(SUM(C27:E27)>0,SQRT(P27),"") -> 396.76273 | R27: =IF(COUNT(C27:E27)>0,VLOOKUP(COUNT(C27:E27),$AX$2:$AZ$5,3)*(Q27/SQRT(COUNT(C27:E27))),"") -> 985.69282 | S27: =IF(COUNT(C27:E27)>0,O27-R27,"") -> 593.30718 | T27: =IF(COUNT(C27:E27)>0,O27+R27,"") -> 2564.6928 | U27: =IF(COUNT(C27:E27)>0,Q27/O27,"") -> 0.25127469 | V27: =IF(SUM(F27:H27)>0,AVERAGE(F27:H27),"") -> 1737.6667 | W27: =IF(SUM(F27:H27)>0, ( IF(F27>0,(F27-V27)^2,0) + IF(G27>0,(G27-V27)^2,0) + IF(H27>0,(H27-V27)^2,0) ) / COUNT(F27:H27),"") -> 31708.222 | X27: =IF(SUM(F27:H27)>0,SQRT(W27),"") -> 178.06803 | Y27: =IF(COUNT(F27:H27)>0,VLOOKUP(COUNT(F27:H27),$AX$2:$AZ$5,3)*(X27/SQRT(COUNT(F27:H27))),"") -> 442.3812 | Z27: =IF(COUNT(F27:H27)>0,V27-Y27,"") -> 1295.2855 | AA27: =IF(COUNT(F27:H27)>0,V27+Y27,"") -> 2180.0479 | AB27: =IF(COUNT(F27:H27)>0,X27/V27,"") -> 0.10247537 | AD27: =IF(SUM(I27:K27)>0,AVERAGE(I27:K27),"") -> 1311.6667 | AE27: =IF(SUM(I27:K27)>0, ( IF(I27>0,(I27-AD27)^2,0) + IF(J27>0,(J27-AD27)^2,0) + IF(K27>0,(K27-AD27)^2,0) ) / COUNT(I27:K27),"") -> 16680.222 | AF27: =IF(SUM(I27:K27)>0,SQRT(AE27),"") -> 129.15193 | AG27: =IF(COUNT(I27:K27)>0,VLOOKUP(COUNT(I27:K27),$AX$2:$AZ$5,3)*(AF27/SQRT(COUNT(I27:K27))),"") -> 320.85709 | AH27: =IF(COUNT(I27:K27)>0,AD27-AG27,"") -> 990.80958 | AI27: =IF(COUNT(I27:K27)>0,AD27+AG27,"") -> 1632.5238 | AJ27: =IF(COUNT(I27:K27)>0,AF27/AD27,"") -> 0.098463991 | AK27: =IF(SUM(L27:N27)>0,AVERAGE(L27:N27),"") -> 1289 | AL27: =IF(SUM(L27:N27)>0, ( IF(L27>0,(L27-AK27)^2,0) + IF(M27>0,(M27-AK27)^2,0) + IF(N27>0,(N27-AK27)^2,0) ) / COUNT(L27:N27),"") -> 0 | AM27: =IF(SUM(L27:N27)>0,SQRT(AL27),"") -> 0 | AN27: =IF(COUNT(L27:N27)>0,VLOOKUP(COUNT(L27:N27),$AX$2:$AZ$5,3)*(AM27/SQRT(COUNT(L27:N27))),"") -> 0 | AO27: =IF(COUNT(L27:N27)>0,AK27-AN27,"") -> 1289 | AP27: =IF(COUNT(L27:N27)>0,AK27+AN27,"") -> 1289 | AQ27: =IF(COUNT(L27:N27)>0,AM27/AK27,"") -> 0
A28: 500094 (10x) | B28: 30 | C28: 1215 | D28: 1283 | E28: 1332 | F28: 1067 | G28: 1004 | H28: 1339 | I28: 905 | J28: 975 | K28: 818 | M28: 929 | N28: 1177 | O28: =IF(SUM(C28:E28)>0,AVERAGE(C28:E28),"") -> 1276.6667 | P28: =IF(SUM(C28:E28)>0, ( IF(C28>0,(C28-O28)^2,0) + IF(D28>0,(D28-O28)^2,0) + IF(E28>0,(E28-O28)^2,0) ) / COUNT(C28:E28),"") -> 2301.5556 | Q28: =IF(SUM(C28:E28)>0,SQRT(P28),"") -> 47.97453 | R28: =IF(COUNT(C28:E28)>0,VLOOKUP(COUNT(C28:E28),$AX$2:$AZ$5,3)*(Q28/SQRT(COUNT(C28:E28))),"") -> 119.18496 | S28: =IF(COUNT(C28:E28)>0,O28-R28,"") -> 1157.4817 | T28: =IF(COUNT(C28:E28)>0,O28+R28,"") -> 1395.8516 | U28: =IF(COUNT(C28:E28)>0,Q28/O28,"") -> 0.037577961 | V28: =IF(SUM(F28:H28)>0,AVERAGE(F28:H28),"") -> 1136.6667 | W28: =IF(SUM(F28:H28)>0, ( IF(F28>0,(F28-V28)^2,0) + IF(G28>0,(G28-V28)^2,0) + IF(H28>0,(H28-V28)^2,0) ) / COUNT(F28:H28),"") -> 21130.889 | X28: =IF(SUM(F28:H28)>0,SQRT(W28),"") -> 145.36468 | Y28: =IF(COUNT(F28:H28)>0,VLOOKUP(COUNT(F28:H28),$AX$2:$AZ$5,3)*(X28/SQRT(COUNT(F28:H28))),"") -> 361.13502 | Z28: =IF(COUNT(F28:H28)>0,V28-Y28,"") -> 775.53165 | AA28: =IF(COUNT(F28:H28)>0,V28+Y28,"") -> 1497.8017 | AB28: =IF(COUNT(F28:H28)>0,X28/V28,"") -> 0.12788681 | AD28: =IF(SUM(I28:K28)>0,AVERAGE(I28:K28),"") -> 899.33333 | AE28: =IF(SUM(I28:K28)>0, ( IF(I28>0,(I28-AD28)^2,0) + IF(J28>0,(J28-AD28)^2,0) + IF(K28>0,(K28-AD28)^2,0) ) / COUNT(I28:K28),"") -> 4124.2222 | AF28: =IF(SUM(I28:K28)>0,SQRT(AE28),"") -> 64.220108 | AG28: =IF(COUNT(I28:K28)>0,VLOOKUP(COUNT(I28:K28),$AX$2:$AZ$5,3)*(AF28/SQRT(COUNT(I28:K28))),"") -> 159.54447 | AH28: =IF(COUNT(I28:K28)>0,AD28-AG28,"") -> 739.78887 | AI28: =IF(COUNT(I28:K28)>0,AD28+AG28,"") -> 1058.8778 | AJ28: =IF(COUNT(I28:K28)>0,AF28/AD28,"") -> 0.07140857 | AK28: =IF(SUM(L28:N28)>0,AVERAGE(L28:N28),"") -> 1053 | AL28: =IF(SUM(L28:N28)>0, ( IF(L28>0,(L28-AK28)^2,0) + IF(M28>0,(M28-AK28)^2,0) + IF(N28>0,(N28-AK28)^2,0) ) / COUNT(L28:N28),"") -> 15376 | AM28: =IF(SUM(L28:N28)>0,SQRT(AL28),"") -> 124 | AN28: =IF(COUNT(L28:N28)>0,VLOOKUP(COUNT(L28:N28),$AX$2:$AZ$5,3)*(AM28/SQRT(COUNT(L28:N28))),"") -> 1114.0778 | AO28: =IF(COUNT(L28:N28)>0,AK28-AN28,"") -> -61.077846 | AP28: =IF(COUNT(L28:N28)>0,AK28+AN28,"") -> 2167.0778 | AQ28: =IF(COUNT(L28:N28)>0,AM28/AK28,"") -> 0.11775878
